{
    "type":  "FeatureCollection",
    "name":  "pagsanjan_facilities_thesis_final_cleaned",
    "crs":  {
                "type":  "name",
                "properties":  {
                                   "name":  "urn:ogc:def:crs:OGC:1.3:CRS84"
                               }
            },
    "features":  [
                     {
                         "type":  "Feature",
                         "properties":  {
                                            "osm_type":  "node",
                                            "osm_id":  519642898,
                                            "name":  "Goodwill",
                                            "category":  "market_food",
                                            "amenity":  null,
                                            "healthcare":  null,
                                            "shop":  "supermarket",
                                            "office":  null,
                                            "operator":  null,
                                            "addr_full":  null,
                                            "addr_street":  "National Highway",
                                            "addr_barangay":  null,
                                            "phone":  null,
                                            "opening_hours":  null,
                                            "lat":  14.2648363,
                                            "lon":  121.4377214,
                                            "raw_tags":  {
                                                             "addr:city":  "Pagsanjan",
                                                             "addr:postcode":  "4008",
                                                             "addr:street":  "National Highway",
                                                             "name":  "Goodwill",
                                                             "shop":  "supermarket"
                                                         },
                                            "cleaning_flag":  null,
                                            "ors_label":  null,
                                            "ors_confidence":  null,
                                            "ors_locality":  null,
                                            "ors_borough":  null,
                                            "ors_region":  null,
                                            "ors_county":  null,
                                            "ors_error":  null,
                                            "thesis_review_flag":  null
                                        },
                         "geometry":  {
                                          "type":  "Point",
                                          "coordinates":  [
                                                              121.4377214,
                                                              14.2648363
                                                          ]
                                      }
                     },
                     {
                         "type":  "Feature",
                         "properties":  {
                                            "osm_type":  "node",
                                            "osm_id":  685053199,
                                            "name":  "Mercury Drug",
                                            "category":  "pharmacy",
                                            "amenity":  "pharmacy",
                                            "healthcare":  "pharmacy",
                                            "shop":  null,
                                            "office":  null,
                                            "operator":  null,
                                            "addr_full":  null,
                                            "addr_street":  "J. P. Rizal Street",
                                            "addr_barangay":  null,
                                            "phone":  null,
                                            "opening_hours":  null,
                                            "lat":  14.2729151,
                                            "lon":  121.4552575,
                                            "raw_tags":  {
                                                             "addr:city":  "Pagsanjan",
                                                             "addr:postcode":  "4008",
                                                             "addr:street":  "J. P. Rizal Street",
                                                             "amenity":  "pharmacy",
                                                             "brand":  "Mercury Drug",
                                                             "brand:wikidata":  "Q6818610",
                                                             "dispensing":  "yes",
                                                             "healthcare":  "pharmacy",
                                                             "name":  "Mercury Drug"
                                                         },
                                            "cleaning_flag":  null,
                                            "ors_label":  null,
                                            "ors_confidence":  null,
                                            "ors_locality":  null,
                                            "ors_borough":  null,
                                            "ors_region":  null,
                                            "ors_county":  null,
                                            "ors_error":  null,
                                            "thesis_review_flag":  null
                                        },
                         "geometry":  {
                                          "type":  "Point",
                                          "coordinates":  [
                                                              121.4552575,
                                                              14.2729151
                                                          ]
                                      }
                     },
                     {
                         "type":  "Feature",
                         "properties":  {
                                            "osm_type":  "node",
                                            "osm_id":  685053201,
                                            "name":  "7-Eleven",
                                            "category":  "market_food",
                                            "amenity":  null,
                                            "healthcare":  null,
                                            "shop":  "convenience",
                                            "office":  null,
                                            "operator":  null,
                                            "addr_full":  null,
                                            "addr_street":  "J. P. Rizal Street",
                                            "addr_barangay":  null,
                                            "phone":  null,
                                            "opening_hours":  "24/7",
                                            "lat":  14.2726286,
                                            "lon":  121.4551582,
                                            "raw_tags":  {
                                                             "addr:city":  "Pagsanjan",
                                                             "addr:postcode":  "4008",
                                                             "addr:street":  "J. P. Rizal Street",
                                                             "brand":  "7-Eleven",
                                                             "brand:wikidata":  "Q259340",
                                                             "name":  "7-Eleven",
                                                             "opening_hours":  "24/7",
                                                             "shop":  "convenience"
                                                         },
                                            "cleaning_flag":  null,
                                            "ors_label":  null,
                                            "ors_confidence":  null,
                                            "ors_locality":  null,
                                            "ors_borough":  null,
                                            "ors_region":  null,
                                            "ors_county":  null,
                                            "ors_error":  null,
                                            "thesis_review_flag":  null
                                        },
                         "geometry":  {
                                          "type":  "Point",
                                          "coordinates":  [
                                                              121.4551582,
                                                              14.2726286
                                                          ]
                                      }
                     },
                     {
                         "type":  "Feature",
                         "properties":  {
                                            "osm_type":  "node",
                                            "osm_id":  1279923946,
                                            "name":  "Sunio Pharmacy",
                                            "category":  "pharmacy",
                                            "amenity":  "pharmacy",
                                            "healthcare":  "pharmacy",
                                            "shop":  null,
                                            "office":  null,
                                            "operator":  null,
                                            "addr_full":  null,
                                            "addr_street":  "J. P. Rizal Street",
                                            "addr_barangay":  null,
                                            "phone":  null,
                                            "opening_hours":  null,
                                            "lat":  14.2725677,
                                            "lon":  121.4556591,
                                            "raw_tags":  {
                                                             "addr:city":  "Pagsanjan",
                                                             "addr:postcode":  "4008",
                                                             "addr:street":  "J. P. Rizal Street",
                                                             "amenity":  "pharmacy",
                                                             "healthcare":  "pharmacy",
                                                             "name":  "Sunio Pharmacy"
                                                         },
                                            "cleaning_flag":  null,
                                            "ors_label":  null,
                                            "ors_confidence":  null,
                                            "ors_locality":  null,
                                            "ors_borough":  null,
                                            "ors_region":  null,
                                            "ors_county":  null,
                                            "ors_error":  null,
                                            "thesis_review_flag":  null
                                        },
                         "geometry":  {
                                          "type":  "Point",
                                          "coordinates":  [
                                                              121.4556591,
                                                              14.2725677
                                                          ]
                                      }
                     },
                     {
                         "type":  "Feature",
                         "properties":  {
                                            "osm_type":  "node",
                                            "osm_id":  1279923948,
                                            "name":  "Botika ng Bayan",
                                            "category":  "pharmacy",
                                            "amenity":  "pharmacy",
                                            "healthcare":  null,
                                            "shop":  null,
                                            "office":  null,
                                            "operator":  null,
                                            "addr_full":  null,
                                            "addr_street":  "J. P. Rizal Street",
                                            "addr_barangay":  null,
                                            "phone":  null,
                                            "opening_hours":  null,
                                            "lat":  14.2726249,
                                            "lon":  121.4555143,
                                            "raw_tags":  {
                                                             "addr:city":  "Pagsanjan",
                                                             "addr:postcode":  "4008",
                                                             "addr:street":  "J. P. Rizal Street",
                                                             "amenity":  "pharmacy",
                                                             "name":  "Botika ng Bayan"
                                                         },
                                            "cleaning_flag":  null,
                                            "ors_label":  null,
                                            "ors_confidence":  null,
                                            "ors_locality":  null,
                                            "ors_borough":  null,
                                            "ors_region":  null,
                                            "ors_county":  null,
                                            "ors_error":  null,
                                            "thesis_review_flag":  null
                                        },
                         "geometry":  {
                                          "type":  "Point",
                                          "coordinates":  [
                                                              121.4555143,
                                                              14.2726249
                                                          ]
                                      }
                     },
                     {
                         "type":  "Feature",
                         "properties":  {
                                            "osm_type":  "node",
                                            "osm_id":  1279923950,
                                            "name":  "RO Supermarket",
                                            "category":  "market_food",
                                            "amenity":  null,
                                            "healthcare":  null,
                                            "shop":  "supermarket",
                                            "office":  null,
                                            "operator":  null,
                                            "addr_full":  null,
                                            "addr_street":  null,
                                            "addr_barangay":  null,
                                            "phone":  null,
                                            "opening_hours":  null,
                                            "lat":  14.2731266,
                                            "lon":  121.4551361,
                                            "raw_tags":  {
                                                             "addr:city":  "Pagsanjan",
                                                             "addr:postcode":  "4008",
                                                             "name":  "RO Supermarket",
                                                             "shop":  "supermarket"
                                                         },
                                            "cleaning_flag":  null,
                                            "ors_label":  null,
                                            "ors_confidence":  null,
                                            "ors_locality":  null,
                                            "ors_borough":  null,
                                            "ors_region":  null,
                                            "ors_county":  null,
                                            "ors_error":  null,
                                            "thesis_review_flag":  null
                                        },
                         "geometry":  {
                                          "type":  "Point",
                                          "coordinates":  [
                                                              121.4551361,
                                                              14.2731266
                                                          ]
                                      }
                     },
                     {
                         "type":  "Feature",
                         "properties":  {
                                            "osm_type":  "node",
                                            "osm_id":  1283643641,
                                            "name":  "Pagsanjan Fire Station",
                                            "category":  "emergency_service",
                                            "amenity":  "fire_station",
                                            "healthcare":  null,
                                            "shop":  null,
                                            "office":  null,
                                            "operator":  "Bureau of Fire Protection",
                                            "addr_full":  null,
                                            "addr_street":  null,
                                            "addr_barangay":  null,
                                            "phone":  null,
                                            "opening_hours":  null,
                                            "lat":  14.2723304,
                                            "lon":  121.4558208,
                                            "raw_tags":  {
                                                             "amenity":  "fire_station",
                                                             "name":  "Pagsanjan Fire Station",
                                                             "operator":  "Bureau of Fire Protection",
                                                             "operator:wikidata":  "Q17027200"
                                                         },
                                            "cleaning_flag":  null,
                                            "ors_label":  null,
                                            "ors_confidence":  null,
                                            "ors_locality":  null,
                                            "ors_borough":  null,
                                            "ors_region":  null,
                                            "ors_county":  null,
                                            "ors_error":  null,
                                            "thesis_review_flag":  null
                                        },
                         "geometry":  {
                                          "type":  "Point",
                                          "coordinates":  [
                                                              121.4558208,
                                                              14.2723304
                                                          ]
                                      }
                     },
                     {
                         "type":  "Feature",
                         "properties":  {
                                            "osm_type":  "node",
                                            "osm_id":  1288410445,
                                            "name":  "TGP",
                                            "category":  "pharmacy",
                                            "amenity":  "pharmacy",
                                            "healthcare":  "pharmacy",
                                            "shop":  null,
                                            "office":  null,
                                            "operator":  null,
                                            "addr_full":  null,
                                            "addr_street":  null,
                                            "addr_barangay":  null,
                                            "phone":  null,
                                            "opening_hours":  null,
                                            "lat":  14.2730747,
                                            "lon":  121.4559655,
                                            "raw_tags":  {
                                                             "alt_name":  "The Generics Pharmacy",
                                                             "amenity":  "pharmacy",
                                                             "brand":  "The Generics Pharmacy",
                                                             "brand:wikidata":  "Q61948677",
                                                             "dispensing":  "yes",
                                                             "healthcare":  "pharmacy",
                                                             "name":  "TGP",
                                                             "name:abbr":  "TGP",
                                                             "official_name":  "The Generics Pharmacy"
                                                         },
                                            "cleaning_flag":  null,
                                            "ors_label":  null,
                                            "ors_confidence":  null,
                                            "ors_locality":  null,
                                            "ors_borough":  null,
                                            "ors_region":  null,
                                            "ors_county":  null,
                                            "ors_error":  null,
                                            "thesis_review_flag":  null
                                        },
                         "geometry":  {
                                          "type":  "Point",
                                          "coordinates":  [
                                                              121.4559655,
                                                              14.2730747
                                                          ]
                                      }
                     },
                     {
                         "type":  "Feature",
                         "properties":  {
                                            "osm_type":  "node",
                                            "osm_id":  1291264963,
                                            "name":  "TGP",
                                            "category":  "pharmacy",
                                            "amenity":  "pharmacy",
                                            "healthcare":  "pharmacy",
                                            "shop":  null,
                                            "office":  null,
                                            "operator":  null,
                                            "addr_full":  null,
                                            "addr_street":  null,
                                            "addr_barangay":  null,
                                            "phone":  null,
                                            "opening_hours":  null,
                                            "lat":  14.2646902,
                                            "lon":  121.4382657,
                                            "raw_tags":  {
                                                             "alt_name":  "The Generics Pharmacy",
                                                             "amenity":  "pharmacy",
                                                             "brand":  "The Generics Pharmacy",
                                                             "brand:wikidata":  "Q61948677",
                                                             "dispensing":  "yes",
                                                             "healthcare":  "pharmacy",
                                                             "name":  "TGP",
                                                             "name:abbr":  "TGP",
                                                             "official_name":  "The Generics Pharmacy"
                                                         },
                                            "cleaning_flag":  null,
                                            "ors_label":  null,
                                            "ors_confidence":  null,
                                            "ors_locality":  null,
                                            "ors_borough":  null,
                                            "ors_region":  null,
                                            "ors_county":  null,
                                            "ors_error":  null,
                                            "thesis_review_flag":  null
                                        },
                         "geometry":  {
                                          "type":  "Point",
                                          "coordinates":  [
                                                              121.4382657,
                                                              14.2646902
                                                          ]
                                      }
                     },
                     {
                         "type":  "Feature",
                         "properties":  {
                                            "osm_type":  "node",
                                            "osm_id":  1308488871,
                                            "name":  "Pagsanjan Police Station",
                                            "category":  "emergency_service",
                                            "amenity":  "police",
                                            "healthcare":  null,
                                            "shop":  null,
                                            "office":  null,
                                            "operator":  "Philippine National Police",
                                            "addr_full":  null,
                                            "addr_street":  "J. P. Rizal Street",
                                            "addr_barangay":  null,
                                            "phone":  null,
                                            "opening_hours":  null,
                                            "lat":  14.2725841,
                                            "lon":  121.4557604,
                                            "raw_tags":  {
                                                             "addr:city":  "Pagsanjan",
                                                             "addr:postcode":  "4008",
                                                             "addr:street":  "J. P. Rizal Street",
                                                             "amenity":  "police",
                                                             "name":  "Pagsanjan Police Station",
                                                             "operator":  "Philippine National Police",
                                                             "operator:short":  "PNP",
                                                             "operator:wikidata":  "Q963772",
                                                             "osm_id":  "1308488871",
                                                             "timestamp":  "2012-02-06T02:45:44Z",
                                                             "type":  "police"
                                                         },
                                            "cleaning_flag":  null,
                                            "ors_label":  null,
                                            "ors_confidence":  null,
                                            "ors_locality":  null,
                                            "ors_borough":  null,
                                            "ors_region":  null,
                                            "ors_county":  null,
                                            "ors_error":  null,
                                            "thesis_review_flag":  null
                                        },
                         "geometry":  {
                                          "type":  "Point",
                                          "coordinates":  [
                                                              121.4557604,
                                                              14.2725841
                                                          ]
                                      }
                     },
                     {
                         "type":  "Feature",
                         "properties":  {
                                            "osm_type":  "node",
                                            "osm_id":  1633525471,
                                            "name":  "Pagsanjan Police Base",
                                            "category":  "emergency_service",
                                            "amenity":  "police",
                                            "healthcare":  null,
                                            "shop":  null,
                                            "office":  null,
                                            "operator":  null,
                                            "addr_full":  null,
                                            "addr_street":  null,
                                            "addr_barangay":  null,
                                            "phone":  null,
                                            "opening_hours":  null,
                                            "lat":  14.2651331,
                                            "lon":  121.4373204,
                                            "raw_tags":  {
                                                             "amenity":  "police",
                                                             "name":  "Pagsanjan Police Base"
                                                         },
                                            "cleaning_flag":  null,
                                            "ors_label":  null,
                                            "ors_confidence":  null,
                                            "ors_locality":  null,
                                            "ors_borough":  null,
                                            "ors_region":  null,
                                            "ors_county":  null,
                                            "ors_error":  null,
                                            "thesis_review_flag":  null
                                        },
                         "geometry":  {
                                          "type":  "Point",
                                          "coordinates":  [
                                                              121.4373204,
                                                              14.2651331
                                                          ]
                                      }
                     },
                     {
                         "type":  "Feature",
                         "properties":  {
                                            "osm_type":  "node",
                                            "osm_id":  3017322510,
                                            "name":  "Puregold",
                                            "category":  "market_food",
                                            "amenity":  null,
                                            "healthcare":  null,
                                            "shop":  "supermarket",
                                            "office":  null,
                                            "operator":  null,
                                            "addr_full":  null,
                                            "addr_street":  null,
                                            "addr_barangay":  null,
                                            "phone":  null,
                                            "opening_hours":  null,
                                            "lat":  14.2648987,
                                            "lon":  121.4395157,
                                            "raw_tags":  {
                                                             "branch":  "Pagsanjan",
                                                             "brand":  "Puregold",
                                                             "brand:wikidata":  "Q7261170",
                                                             "name":  "Puregold",
                                                             "shop":  "supermarket"
                                                         },
                                            "cleaning_flag":  null,
                                            "ors_label":  null,
                                            "ors_confidence":  null,
                                            "ors_locality":  null,
                                            "ors_borough":  null,
                                            "ors_region":  null,
                                            "ors_county":  null,
                                            "ors_error":  null,
                                            "thesis_review_flag":  null
                                        },
                         "geometry":  {
                                          "type":  "Point",
                                          "coordinates":  [
                                                              121.4395157,
                                                              14.2648987
                                                          ]
                                      }
                     },
                     {
                         "type":  "Feature",
                         "properties":  {
                                            "osm_type":  "node",
                                            "osm_id":  4519819089,
                                            "name":  "John Li\u0027s General Merchandise",
                                            "category":  "market_food",
                                            "amenity":  null,
                                            "healthcare":  null,
                                            "shop":  "convenience",
                                            "office":  null,
                                            "operator":  null,
                                            "addr_full":  null,
                                            "addr_street":  "J. P. Rizal Street",
                                            "addr_barangay":  null,
                                            "phone":  "+63 49 5019605",
                                            "opening_hours":  "Mo-Su 07:00-19:00",
                                            "lat":  14.2692295,
                                            "lon":  121.4435108,
                                            "raw_tags":  {
                                                             "addr:city":  "Pagsanjan",
                                                             "addr:neighbourhood":  "Sampaloc",
                                                             "addr:postcode":  "4008",
                                                             "addr:street":  "J. P. Rizal Street",
                                                             "name":  "John Li\u0027s General Merchandise",
                                                             "opening_hours":  "Mo-Su 07:00-19:00",
                                                             "phone":  "+63 49 5019605",
                                                             "shop":  "convenience"
                                                         },
                                            "cleaning_flag":  null,
                                            "ors_label":  null,
                                            "ors_confidence":  null,
                                            "ors_locality":  null,
                                            "ors_borough":  null,
                                            "ors_region":  null,
                                            "ors_county":  null,
                                            "ors_error":  null,
                                            "thesis_review_flag":  null
                                        },
                         "geometry":  {
                                          "type":  "Point",
                                          "coordinates":  [
                                                              121.4435108,
                                                              14.2692295
                                                          ]
                                      }
                     },
                     {
                         "type":  "Feature",
                         "properties":  {
                                            "osm_type":  "node",
                                            "osm_id":  8020634086,
                                            "name":  "Tok",
                                            "category":  "market_food",
                                            "amenity":  null,
                                            "healthcare":  null,
                                            "shop":  "convenience",
                                            "office":  null,
                                            "operator":  null,
                                            "addr_full":  null,
                                            "addr_street":  "General Taiño Street",
                                            "addr_barangay":  null,
                                            "phone":  null,
                                            "opening_hours":  null,
                                            "lat":  14.2790731,
                                            "lon":  121.4570477,
                                            "raw_tags":  {
                                                             "addr:street":  "General Taiño Street",
                                                             "addr:town":  "Pagsanjan",
                                                             "name":  "Tok",
                                                             "shop":  "convenience"
                                                         },
                                            "cleaning_flag":  null,
                                            "ors_label":  null,
                                            "ors_confidence":  null,
                                            "ors_locality":  null,
                                            "ors_borough":  null,
                                            "ors_region":  null,
                                            "ors_county":  null,
                                            "ors_error":  null,
                                            "thesis_review_flag":  null
                                        },
                         "geometry":  {
                                          "type":  "Point",
                                          "coordinates":  [
                                                              121.4570477,
                                                              14.2790731
                                                          ]
                                      }
                     },
                     {
                         "type":  "Feature",
                         "properties":  {
                                            "osm_type":  "node",
                                            "osm_id":  8038651585,
                                            "name":  "Dante",
                                            "category":  "market_food",
                                            "amenity":  null,
                                            "healthcare":  null,
                                            "shop":  "convenience",
                                            "office":  null,
                                            "operator":  null,
                                            "addr_full":  null,
                                            "addr_street":  null,
                                            "addr_barangay":  null,
                                            "phone":  null,
                                            "opening_hours":  null,
                                            "lat":  14.2646536,
                                            "lon":  121.4286195,
                                            "raw_tags":  {
                                                             "addr:place":  "Biñan",
                                                             "name":  "Dante",
                                                             "shop":  "convenience"
                                                         },
                                            "cleaning_flag":  null,
                                            "ors_label":  null,
                                            "ors_confidence":  null,
                                            "ors_locality":  null,
                                            "ors_borough":  null,
                                            "ors_region":  null,
                                            "ors_county":  null,
                                            "ors_error":  null,
                                            "thesis_review_flag":  null
                                        },
                         "geometry":  {
                                          "type":  "Point",
                                          "coordinates":  [
                                                              121.4286195,
                                                              14.2646536
                                                          ]
                                      }
                     },
                     {
                         "type":  "Feature",
                         "properties":  {
                                            "osm_type":  "node",
                                            "osm_id":  8038651685,
                                            "name":  "Rosie",
                                            "category":  "market_food",
                                            "amenity":  null,
                                            "healthcare":  null,
                                            "shop":  "convenience",
                                            "office":  null,
                                            "operator":  null,
                                            "addr_full":  null,
                                            "addr_street":  null,
                                            "addr_barangay":  null,
                                            "phone":  null,
                                            "opening_hours":  null,
                                            "lat":  14.2643738,
                                            "lon":  121.4395967,
                                            "raw_tags":  {
                                                             "name":  "Rosie",
                                                             "shop":  "convenience"
                                                         },
                                            "cleaning_flag":  null,
                                            "ors_label":  null,
                                            "ors_confidence":  null,
                                            "ors_locality":  null,
                                            "ors_borough":  null,
                                            "ors_region":  null,
                                            "ors_county":  null,
                                            "ors_error":  null,
                                            "thesis_review_flag":  null
                                        },
                         "geometry":  {
                                          "type":  "Point",
                                          "coordinates":  [
                                                              121.4395967,
                                                              14.2643738
                                                          ]
                                      }
                     },
                     {
                         "type":  "Feature",
                         "properties":  {
                                            "osm_type":  "node",
                                            "osm_id":  8038651686,
                                            "name":  "Noel Cabela",
                                            "category":  "market_food",
                                            "amenity":  null,
                                            "healthcare":  null,
                                            "shop":  "convenience",
                                            "office":  null,
                                            "operator":  null,
                                            "addr_full":  null,
                                            "addr_street":  null,
                                            "addr_barangay":  null,
                                            "phone":  null,
                                            "opening_hours":  null,
                                            "lat":  14.2643855,
                                            "lon":  121.4392686,
                                            "raw_tags":  {
                                                             "name":  "Noel Cabela",
                                                             "shop":  "convenience"
                                                         },
                                            "cleaning_flag":  null,
                                            "ors_label":  null,
                                            "ors_confidence":  null,
                                            "ors_locality":  null,
                                            "ors_borough":  null,
                                            "ors_region":  null,
                                            "ors_county":  null,
                                            "ors_error":  null,
                                            "thesis_review_flag":  null
                                        },
                         "geometry":  {
                                          "type":  "Point",
                                          "coordinates":  [
                                                              121.4392686,
                                                              14.2643855
                                                          ]
                                      }
                     },
                     {
                         "type":  "Feature",
                         "properties":  {
                                            "osm_type":  "node",
                                            "osm_id":  8038651785,
                                            "name":  "Raffy \u0026 Nida",
                                            "category":  "market_food",
                                            "amenity":  null,
                                            "healthcare":  null,
                                            "shop":  "convenience",
                                            "office":  null,
                                            "operator":  null,
                                            "addr_full":  null,
                                            "addr_street":  null,
                                            "addr_barangay":  null,
                                            "phone":  null,
                                            "opening_hours":  null,
                                            "lat":  14.2644066,
                                            "lon":  121.4393897,
                                            "raw_tags":  {
                                                             "name":  "Raffy \u0026 Nida",
                                                             "shop":  "convenience"
                                                         },
                                            "cleaning_flag":  null,
                                            "ors_label":  null,
                                            "ors_confidence":  null,
                                            "ors_locality":  null,
                                            "ors_borough":  null,
                                            "ors_region":  null,
                                            "ors_county":  null,
                                            "ors_error":  null,
                                            "thesis_review_flag":  null
                                        },
                         "geometry":  {
                                          "type":  "Point",
                                          "coordinates":  [
                                                              121.4393897,
                                                              14.2644066
                                                          ]
                                      }
                     },
                     {
                         "type":  "Feature",
                         "properties":  {
                                            "osm_type":  "node",
                                            "osm_id":  8038651786,
                                            "name":  "Tess",
                                            "category":  "market_food",
                                            "amenity":  null,
                                            "healthcare":  null,
                                            "shop":  "convenience",
                                            "office":  null,
                                            "operator":  null,
                                            "addr_full":  null,
                                            "addr_street":  null,
                                            "addr_barangay":  null,
                                            "phone":  null,
                                            "opening_hours":  null,
                                            "lat":  14.2643703,
                                            "lon":  121.4392109,
                                            "raw_tags":  {
                                                             "name":  "Tess",
                                                             "shop":  "convenience"
                                                         },
                                            "cleaning_flag":  null,
                                            "ors_label":  null,
                                            "ors_confidence":  null,
                                            "ors_locality":  null,
                                            "ors_borough":  null,
                                            "ors_region":  null,
                                            "ors_county":  null,
                                            "ors_error":  null,
                                            "thesis_review_flag":  null
                                        },
                         "geometry":  {
                                          "type":  "Point",
                                          "coordinates":  [
                                                              121.4392109,
                                                              14.2643703
                                                          ]
                                      }
                     },
                     {
                         "type":  "Feature",
                         "properties":  {
                                            "osm_type":  "node",
                                            "osm_id":  8038652485,
                                            "name":  "Janina",
                                            "category":  "market_food",
                                            "amenity":  null,
                                            "healthcare":  null,
                                            "shop":  "convenience",
                                            "office":  null,
                                            "operator":  null,
                                            "addr_full":  null,
                                            "addr_street":  null,
                                            "addr_barangay":  null,
                                            "phone":  null,
                                            "opening_hours":  null,
                                            "lat":  14.2643914,
                                            "lon":  121.4392922,
                                            "raw_tags":  {
                                                             "name":  "Janina",
                                                             "shop":  "convenience"
                                                         },
                                            "cleaning_flag":  null,
                                            "ors_label":  null,
                                            "ors_confidence":  null,
                                            "ors_locality":  null,
                                            "ors_borough":  null,
                                            "ors_region":  null,
                                            "ors_county":  null,
                                            "ors_error":  null,
                                            "thesis_review_flag":  null
                                        },
                         "geometry":  {
                                          "type":  "Point",
                                          "coordinates":  [
                                                              121.4392922,
                                                              14.2643914
                                                          ]
                                      }
                     },
                     {
                         "type":  "Feature",
                         "properties":  {
                                            "osm_type":  "node",
                                            "osm_id":  8038652585,
                                            "name":  "Raquel",
                                            "category":  "market_food",
                                            "amenity":  null,
                                            "healthcare":  null,
                                            "shop":  "convenience",
                                            "office":  null,
                                            "operator":  null,
                                            "addr_full":  null,
                                            "addr_street":  null,
                                            "addr_barangay":  null,
                                            "phone":  null,
                                            "opening_hours":  null,
                                            "lat":  14.2643829,
                                            "lon":  121.4392462,
                                            "raw_tags":  {
                                                             "name":  "Raquel",
                                                             "shop":  "convenience"
                                                         },
                                            "cleaning_flag":  null,
                                            "ors_label":  null,
                                            "ors_confidence":  null,
                                            "ors_locality":  null,
                                            "ors_borough":  null,
                                            "ors_region":  null,
                                            "ors_county":  null,
                                            "ors_error":  null,
                                            "thesis_review_flag":  null
                                        },
                         "geometry":  {
                                          "type":  "Point",
                                          "coordinates":  [
                                                              121.4392462,
                                                              14.2643829
                                                          ]
                                      }
                     },
                     {
                         "type":  "Feature",
                         "properties":  {
                                            "osm_type":  "node",
                                            "osm_id":  8038675285,
                                            "name":  "Maybelle - randy friday",
                                            "category":  "market_food",
                                            "amenity":  null,
                                            "healthcare":  null,
                                            "shop":  "convenience",
                                            "office":  null,
                                            "operator":  null,
                                            "addr_full":  null,
                                            "addr_street":  null,
                                            "addr_barangay":  null,
                                            "phone":  null,
                                            "opening_hours":  null,
                                            "lat":  14.2699379,
                                            "lon":  121.444693,
                                            "raw_tags":  {
                                                             "name":  "Maybelle - randy friday",
                                                             "shop":  "convenience"
                                                         },
                                            "cleaning_flag":  null,
                                            "ors_label":  null,
                                            "ors_confidence":  null,
                                            "ors_locality":  null,
                                            "ors_borough":  null,
                                            "ors_region":  null,
                                            "ors_county":  null,
                                            "ors_error":  null,
                                            "thesis_review_flag":  null
                                        },
                         "geometry":  {
                                          "type":  "Point",
                                          "coordinates":  [
                                                              121.444693,
                                                              14.2699379
                                                          ]
                                      }
                     },
                     {
                         "type":  "Feature",
                         "properties":  {
                                            "osm_type":  "node",
                                            "osm_id":  8038698385,
                                            "name":  "KM 5",
                                            "category":  "market_food",
                                            "amenity":  null,
                                            "healthcare":  null,
                                            "shop":  "convenience",
                                            "office":  null,
                                            "operator":  null,
                                            "addr_full":  null,
                                            "addr_street":  "J. P. Rizal Street",
                                            "addr_barangay":  null,
                                            "phone":  null,
                                            "opening_hours":  null,
                                            "lat":  14.2718756,
                                            "lon":  121.4462939,
                                            "raw_tags":  {
                                                             "addr:street":  "J. P. Rizal Street",
                                                             "name":  "KM 5",
                                                             "shop":  "convenience"
                                                         },
                                            "cleaning_flag":  null,
                                            "ors_label":  null,
                                            "ors_confidence":  null,
                                            "ors_locality":  null,
                                            "ors_borough":  null,
                                            "ors_region":  null,
                                            "ors_county":  null,
                                            "ors_error":  null,
                                            "thesis_review_flag":  null
                                        },
                         "geometry":  {
                                          "type":  "Point",
                                          "coordinates":  [
                                                              121.4462939,
                                                              14.2718756
                                                          ]
                                      }
                     },
                     {
                         "type":  "Feature",
                         "properties":  {
                                            "osm_type":  "node",
                                            "osm_id":  8038700285,
                                            "name":  "ERD",
                                            "category":  "market_food",
                                            "amenity":  null,
                                            "healthcare":  null,
                                            "shop":  "convenience",
                                            "office":  null,
                                            "operator":  null,
                                            "addr_full":  null,
                                            "addr_street":  "J. P. Rizal Street",
                                            "addr_barangay":  null,
                                            "phone":  null,
                                            "opening_hours":  null,
                                            "lat":  14.2735947,
                                            "lon":  121.4495306,
                                            "raw_tags":  {
                                                             "addr:street":  "J. P. Rizal Street",
                                                             "name":  "ERD",
                                                             "shop":  "convenience"
                                                         },
                                            "cleaning_flag":  null,
                                            "ors_label":  null,
                                            "ors_confidence":  null,
                                            "ors_locality":  null,
                                            "ors_borough":  null,
                                            "ors_region":  null,
                                            "ors_county":  null,
                                            "ors_error":  null,
                                            "thesis_review_flag":  null
                                        },
                         "geometry":  {
                                          "type":  "Point",
                                          "coordinates":  [
                                                              121.4495306,
                                                              14.2735947
                                                          ]
                                      }
                     },
                     {
                         "type":  "Feature",
                         "properties":  {
                                            "osm_type":  "node",
                                            "osm_id":  8038703086,
                                            "name":  "Helen - randy friday",
                                            "category":  "market_food",
                                            "amenity":  null,
                                            "healthcare":  null,
                                            "shop":  "convenience",
                                            "office":  null,
                                            "operator":  null,
                                            "addr_full":  null,
                                            "addr_street":  null,
                                            "addr_barangay":  null,
                                            "phone":  null,
                                            "opening_hours":  null,
                                            "lat":  14.2730734,
                                            "lon":  121.4537069,
                                            "raw_tags":  {
                                                             "name":  "Helen - randy friday",
                                                             "shop":  "convenience"
                                                         },
                                            "cleaning_flag":  null,
                                            "ors_label":  null,
                                            "ors_confidence":  null,
                                            "ors_locality":  null,
                                            "ors_borough":  null,
                                            "ors_region":  null,
                                            "ors_county":  null,
                                            "ors_error":  null,
                                            "thesis_review_flag":  null
                                        },
                         "geometry":  {
                                          "type":  "Point",
                                          "coordinates":  [
                                                              121.4537069,
                                                              14.2730734
                                                          ]
                                      }
                     },
                     {
                         "type":  "Feature",
                         "properties":  {
                                            "osm_type":  "node",
                                            "osm_id":  8038716285,
                                            "name":  "Erick",
                                            "category":  "market_food",
                                            "amenity":  null,
                                            "healthcare":  null,
                                            "shop":  "convenience",
                                            "office":  null,
                                            "operator":  null,
                                            "addr_full":  null,
                                            "addr_street":  null,
                                            "addr_barangay":  null,
                                            "phone":  null,
                                            "opening_hours":  null,
                                            "lat":  14.2696962,
                                            "lon":  121.4561151,
                                            "raw_tags":  {
                                                             "name":  "Erick",
                                                             "shop":  "convenience"
                                                         },
                                            "cleaning_flag":  null,
                                            "ors_label":  null,
                                            "ors_confidence":  null,
                                            "ors_locality":  null,
                                            "ors_borough":  null,
                                            "ors_region":  null,
                                            "ors_county":  null,
                                            "ors_error":  null,
                                            "thesis_review_flag":  null
                                        },
                         "geometry":  {
                                          "type":  "Point",
                                          "coordinates":  [
                                                              121.4561151,
                                                              14.2696962
                                                          ]
                                      }
                     },
                     {
                         "type":  "Feature",
                         "properties":  {
                                            "osm_type":  "node",
                                            "osm_id":  8038721085,
                                            "name":  "RD corro",
                                            "category":  "market_food",
                                            "amenity":  null,
                                            "healthcare":  null,
                                            "shop":  "convenience",
                                            "office":  null,
                                            "operator":  null,
                                            "addr_full":  null,
                                            "addr_street":  null,
                                            "addr_barangay":  null,
                                            "phone":  null,
                                            "opening_hours":  null,
                                            "lat":  14.2699318,
                                            "lon":  121.4576022,
                                            "raw_tags":  {
                                                             "name":  "RD corro",
                                                             "shop":  "convenience"
                                                         },
                                            "cleaning_flag":  null,
                                            "ors_label":  null,
                                            "ors_confidence":  null,
                                            "ors_locality":  null,
                                            "ors_borough":  null,
                                            "ors_region":  null,
                                            "ors_county":  null,
                                            "ors_error":  null,
                                            "thesis_review_flag":  null
                                        },
                         "geometry":  {
                                          "type":  "Point",
                                          "coordinates":  [
                                                              121.4576022,
                                                              14.2699318
                                                          ]
                                      }
                     },
                     {
                         "type":  "Feature",
                         "properties":  {
                                            "osm_type":  "node",
                                            "osm_id":  8038725285,
                                            "name":  "Vangie - randy friday",
                                            "category":  "market_food",
                                            "amenity":  null,
                                            "healthcare":  null,
                                            "shop":  "convenience",
                                            "office":  null,
                                            "operator":  null,
                                            "addr_full":  null,
                                            "addr_street":  null,
                                            "addr_barangay":  null,
                                            "phone":  null,
                                            "opening_hours":  null,
                                            "lat":  14.2676585,
                                            "lon":  121.4593547,
                                            "raw_tags":  {
                                                             "name":  "Vangie - randy friday",
                                                             "shop":  "convenience"
                                                         },
                                            "cleaning_flag":  null,
                                            "ors_label":  null,
                                            "ors_confidence":  null,
                                            "ors_locality":  null,
                                            "ors_borough":  null,
                                            "ors_region":  null,
                                            "ors_county":  null,
                                            "ors_error":  null,
                                            "thesis_review_flag":  null
                                        },
                         "geometry":  {
                                          "type":  "Point",
                                          "coordinates":  [
                                                              121.4593547,
                                                              14.2676585
                                                          ]
                                      }
                     },
                     {
                         "type":  "Feature",
                         "properties":  {
                                            "osm_type":  "node",
                                            "osm_id":  8038726285,
                                            "name":  "Hydee - randy friday",
                                            "category":  "market_food",
                                            "amenity":  null,
                                            "healthcare":  null,
                                            "shop":  "convenience",
                                            "office":  null,
                                            "operator":  null,
                                            "addr_full":  null,
                                            "addr_street":  null,
                                            "addr_barangay":  null,
                                            "phone":  null,
                                            "opening_hours":  null,
                                            "lat":  14.2667111,
                                            "lon":  121.4616026,
                                            "raw_tags":  {
                                                             "name":  "Hydee - randy friday",
                                                             "shop":  "convenience"
                                                         },
                                            "cleaning_flag":  null,
                                            "ors_label":  null,
                                            "ors_confidence":  null,
                                            "ors_locality":  null,
                                            "ors_borough":  null,
                                            "ors_region":  null,
                                            "ors_county":  null,
                                            "ors_error":  null,
                                            "thesis_review_flag":  null
                                        },
                         "geometry":  {
                                          "type":  "Point",
                                          "coordinates":  [
                                                              121.4616026,
                                                              14.2667111
                                                          ]
                                      }
                     },
                     {
                         "type":  "Feature",
                         "properties":  {
                                            "osm_type":  "node",
                                            "osm_id":  8062093810,
                                            "name":  "Wellby Pharmacy",
                                            "category":  "pharmacy",
                                            "amenity":  "pharmacy",
                                            "healthcare":  "pharmacy",
                                            "shop":  null,
                                            "office":  null,
                                            "operator":  null,
                                            "addr_full":  null,
                                            "addr_street":  null,
                                            "addr_barangay":  null,
                                            "phone":  null,
                                            "opening_hours":  null,
                                            "lat":  14.2652752,
                                            "lon":  121.4292744,
                                            "raw_tags":  {
                                                             "amenity":  "pharmacy",
                                                             "healthcare":  "pharmacy",
                                                             "name":  "Wellby Pharmacy"
                                                         },
                                            "cleaning_flag":  null,
                                            "ors_label":  null,
                                            "ors_confidence":  null,
                                            "ors_locality":  null,
                                            "ors_borough":  null,
                                            "ors_region":  null,
                                            "ors_county":  null,
                                            "ors_error":  null,
                                            "thesis_review_flag":  null
                                        },
                         "geometry":  {
                                          "type":  "Point",
                                          "coordinates":  [
                                                              121.4292744,
                                                              14.2652752
                                                          ]
                                      }
                     },
                     {
                         "type":  "Feature",
                         "properties":  {
                                            "osm_type":  "node",
                                            "osm_id":  8062133353,
                                            "name":  "SJ Cosmetics and Surgery",
                                            "category":  "healthcare",
                                            "amenity":  "clinic",
                                            "healthcare":  "clinic",
                                            "shop":  null,
                                            "office":  null,
                                            "operator":  null,
                                            "addr_full":  null,
                                            "addr_street":  null,
                                            "addr_barangay":  null,
                                            "phone":  null,
                                            "opening_hours":  null,
                                            "lat":  14.2651892,
                                            "lon":  121.4298817,
                                            "raw_tags":  {
                                                             "amenity":  "clinic",
                                                             "healthcare":  "clinic",
                                                             "name":  "SJ Cosmetics and Surgery"
                                                         },
                                            "cleaning_flag":  null,
                                            "ors_label":  null,
                                            "ors_confidence":  null,
                                            "ors_locality":  null,
                                            "ors_borough":  null,
                                            "ors_region":  null,
                                            "ors_county":  null,
                                            "ors_error":  null,
                                            "thesis_review_flag":  null
                                        },
                         "geometry":  {
                                          "type":  "Point",
                                          "coordinates":  [
                                                              121.4298817,
                                                              14.2651892
                                                          ]
                                      }
                     },
                     {
                         "type":  "Feature",
                         "properties":  {
                                            "osm_type":  "node",
                                            "osm_id":  8062579048,
                                            "name":  "Watsons",
                                            "category":  "pharmacy",
                                            "amenity":  "pharmacy",
                                            "healthcare":  "pharmacy",
                                            "shop":  null,
                                            "office":  null,
                                            "operator":  null,
                                            "addr_full":  null,
                                            "addr_street":  null,
                                            "addr_barangay":  null,
                                            "phone":  null,
                                            "opening_hours":  null,
                                            "lat":  14.2649511,
                                            "lon":  121.4391903,
                                            "raw_tags":  {
                                                             "amenity":  "pharmacy",
                                                             "brand":  "Watsons",
                                                             "brand:wikidata":  "Q7974785",
                                                             "brand:wikipedia":  "en:Watsons",
                                                             "dispensing":  "yes",
                                                             "healthcare":  "pharmacy",
                                                             "name":  "Watsons"
                                                         },
                                            "cleaning_flag":  null,
                                            "ors_label":  null,
                                            "ors_confidence":  null,
                                            "ors_locality":  null,
                                            "ors_borough":  null,
                                            "ors_region":  null,
                                            "ors_county":  null,
                                            "ors_error":  null,
                                            "thesis_review_flag":  null
                                        },
                         "geometry":  {
                                          "type":  "Point",
                                          "coordinates":  [
                                                              121.4391903,
                                                              14.2649511
                                                          ]
                                      }
                     },
                     {
                         "type":  "Feature",
                         "properties":  {
                                            "osm_type":  "node",
                                            "osm_id":  8064001107,
                                            "name":  "JAM Dental Clinic",
                                            "category":  "healthcare",
                                            "amenity":  "dentist",
                                            "healthcare":  "dentist",
                                            "shop":  null,
                                            "office":  null,
                                            "operator":  null,
                                            "addr_full":  null,
                                            "addr_street":  null,
                                            "addr_barangay":  null,
                                            "phone":  null,
                                            "opening_hours":  null,
                                            "lat":  14.2649346,
                                            "lon":  121.435206,
                                            "raw_tags":  {
                                                             "amenity":  "dentist",
                                                             "healthcare":  "dentist",
                                                             "healthcare:speciality":  "dentistry",
                                                             "name":  "JAM Dental Clinic"
                                                         },
                                            "cleaning_flag":  null,
                                            "ors_label":  null,
                                            "ors_confidence":  null,
                                            "ors_locality":  null,
                                            "ors_borough":  null,
                                            "ors_region":  null,
                                            "ors_county":  null,
                                            "ors_error":  null,
                                            "thesis_review_flag":  null
                                        },
                         "geometry":  {
                                          "type":  "Point",
                                          "coordinates":  [
                                                              121.435206,
                                                              14.2649346
                                                          ]
                                      }
                     },
                     {
                         "type":  "Feature",
                         "properties":  {
                                            "osm_type":  "node",
                                            "osm_id":  8064003036,
                                            "name":  "Estebal Medical Clinic",
                                            "category":  "healthcare",
                                            "amenity":  "clinic",
                                            "healthcare":  "clinic",
                                            "shop":  null,
                                            "office":  null,
                                            "operator":  null,
                                            "addr_full":  null,
                                            "addr_street":  null,
                                            "addr_barangay":  null,
                                            "phone":  null,
                                            "opening_hours":  null,
                                            "lat":  14.2599595,
                                            "lon":  121.4375718,
                                            "raw_tags":  {
                                                             "amenity":  "clinic",
                                                             "healthcare":  "clinic",
                                                             "name":  "Estebal Medical Clinic"
                                                         },
                                            "cleaning_flag":  null,
                                            "ors_label":  null,
                                            "ors_confidence":  null,
                                            "ors_locality":  null,
                                            "ors_borough":  null,
                                            "ors_region":  null,
                                            "ors_county":  null,
                                            "ors_error":  null,
                                            "thesis_review_flag":  null
                                        },
                         "geometry":  {
                                          "type":  "Point",
                                          "coordinates":  [
                                                              121.4375718,
                                                              14.2599595
                                                          ]
                                      }
                     },
                     {
                         "type":  "Feature",
                         "properties":  {
                                            "osm_type":  "node",
                                            "osm_id":  8064036098,
                                            "name":  "St. Joseph Oasis",
                                            "category":  "healthcare",
                                            "amenity":  null,
                                            "healthcare":  "counselling",
                                            "shop":  null,
                                            "office":  null,
                                            "operator":  null,
                                            "addr_full":  null,
                                            "addr_street":  null,
                                            "addr_barangay":  null,
                                            "phone":  null,
                                            "opening_hours":  null,
                                            "lat":  14.2568626,
                                            "lon":  121.4370538,
                                            "raw_tags":  {
                                                             "healthcare":  "counselling",
                                                             "name":  "St. Joseph Oasis"
                                                         },
                                            "cleaning_flag":  null,
                                            "ors_label":  null,
                                            "ors_confidence":  null,
                                            "ors_locality":  null,
                                            "ors_borough":  null,
                                            "ors_region":  null,
                                            "ors_county":  null,
                                            "ors_error":  null,
                                            "thesis_review_flag":  null
                                        },
                         "geometry":  {
                                          "type":  "Point",
                                          "coordinates":  [
                                                              121.4370538,
                                                              14.2568626
                                                          ]
                                      }
                     },
                     {
                         "type":  "Feature",
                         "properties":  {
                                            "osm_type":  "node",
                                            "osm_id":  8064079897,
                                            "name":  "Barangay Health Center",
                                            "category":  "healthcare",
                                            "amenity":  "clinic",
                                            "healthcare":  "clinic",
                                            "shop":  null,
                                            "office":  null,
                                            "operator":  null,
                                            "addr_full":  null,
                                            "addr_street":  null,
                                            "addr_barangay":  null,
                                            "phone":  null,
                                            "opening_hours":  null,
                                            "lat":  14.2526701,
                                            "lon":  121.4349592,
                                            "raw_tags":  {
                                                             "amenity":  "clinic",
                                                             "healthcare":  "clinic",
                                                             "name":  "Barangay Health Center"
                                                         },
                                            "cleaning_flag":  null,
                                            "ors_label":  null,
                                            "ors_confidence":  null,
                                            "ors_locality":  null,
                                            "ors_borough":  null,
                                            "ors_region":  null,
                                            "ors_county":  null,
                                            "ors_error":  null,
                                            "thesis_review_flag":  null
                                        },
                         "geometry":  {
                                          "type":  "Point",
                                          "coordinates":  [
                                                              121.4349592,
                                                              14.2526701
                                                          ]
                                      }
                     },
                     {
                         "type":  "Feature",
                         "properties":  {
                                            "osm_type":  "node",
                                            "osm_id":  8064197870,
                                            "name":  "Arriola-Robles Children\u0027s Clinic",
                                            "category":  "healthcare",
                                            "amenity":  "clinic",
                                            "healthcare":  "clinic",
                                            "shop":  null,
                                            "office":  null,
                                            "operator":  null,
                                            "addr_full":  null,
                                            "addr_street":  null,
                                            "addr_barangay":  null,
                                            "phone":  null,
                                            "opening_hours":  null,
                                            "lat":  14.238361,
                                            "lon":  121.4338712,
                                            "raw_tags":  {
                                                             "amenity":  "clinic",
                                                             "healthcare":  "clinic",
                                                             "name":  "Arriola-Robles Children\u0027s Clinic"
                                                         },
                                            "cleaning_flag":  null,
                                            "ors_label":  null,
                                            "ors_confidence":  null,
                                            "ors_locality":  null,
                                            "ors_borough":  null,
                                            "ors_region":  null,
                                            "ors_county":  null,
                                            "ors_error":  null,
                                            "thesis_review_flag":  null
                                        },
                         "geometry":  {
                                          "type":  "Point",
                                          "coordinates":  [
                                                              121.4338712,
                                                              14.238361
                                                          ]
                                      }
                     },
                     {
                         "type":  "Feature",
                         "properties":  {
                                            "osm_type":  "node",
                                            "osm_id":  8064197871,
                                            "name":  "Roncis Pharmacy",
                                            "category":  "pharmacy",
                                            "amenity":  "pharmacy",
                                            "healthcare":  null,
                                            "shop":  null,
                                            "office":  null,
                                            "operator":  null,
                                            "addr_full":  null,
                                            "addr_street":  "F. T. San Luis Avenue",
                                            "addr_barangay":  null,
                                            "phone":  null,
                                            "opening_hours":  null,
                                            "lat":  14.2382798,
                                            "lon":  121.4338619,
                                            "raw_tags":  {
                                                             "addr:street":  "F. T. San Luis Avenue",
                                                             "amenity":  "pharmacy",
                                                             "name":  "Roncis Pharmacy"
                                                         },
                                            "cleaning_flag":  null,
                                            "ors_label":  null,
                                            "ors_confidence":  null,
                                            "ors_locality":  null,
                                            "ors_borough":  null,
                                            "ors_region":  null,
                                            "ors_county":  null,
                                            "ors_error":  null,
                                            "thesis_review_flag":  null
                                        },
                         "geometry":  {
                                          "type":  "Point",
                                          "coordinates":  [
                                                              121.4338619,
                                                              14.2382798
                                                          ]
                                      }
                     },
                     {
                         "type":  "Feature",
                         "properties":  {
                                            "osm_type":  "node",
                                            "osm_id":  8064257834,
                                            "name":  "Cabanbanan Barangay Health Center",
                                            "category":  "healthcare",
                                            "amenity":  "health_post",
                                            "healthcare":  "community_health_worker",
                                            "shop":  null,
                                            "office":  null,
                                            "operator":  null,
                                            "addr_full":  null,
                                            "addr_street":  "F. T. San Luis Avenue",
                                            "addr_barangay":  null,
                                            "phone":  null,
                                            "opening_hours":  null,
                                            "lat":  14.2439837,
                                            "lon":  121.4343017,
                                            "raw_tags":  {
                                                             "addr:street":  "F. T. San Luis Avenue",
                                                             "addr:village":  "Cabanbanan",
                                                             "amenity":  "health_post",
                                                             "healthcare":  "community_health_worker",
                                                             "name":  "Cabanbanan Barangay Health Center"
                                                         },
                                            "cleaning_flag":  null,
                                            "ors_label":  null,
                                            "ors_confidence":  null,
                                            "ors_locality":  null,
                                            "ors_borough":  null,
                                            "ors_region":  null,
                                            "ors_county":  null,
                                            "ors_error":  null,
                                            "thesis_review_flag":  null
                                        },
                         "geometry":  {
                                          "type":  "Point",
                                          "coordinates":  [
                                                              121.4343017,
                                                              14.2439837
                                                          ]
                                      }
                     },
                     {
                         "type":  "Feature",
                         "properties":  {
                                            "osm_type":  "node",
                                            "osm_id":  8065150186,
                                            "name":  "FAMMED Diagnostic Center",
                                            "category":  "healthcare",
                                            "amenity":  null,
                                            "healthcare":  "yes",
                                            "shop":  null,
                                            "office":  null,
                                            "operator":  null,
                                            "addr_full":  null,
                                            "addr_street":  null,
                                            "addr_barangay":  null,
                                            "phone":  null,
                                            "opening_hours":  null,
                                            "lat":  14.2647837,
                                            "lon":  121.4326643,
                                            "raw_tags":  {
                                                             "healthcare":  "yes",
                                                             "name":  "FAMMED Diagnostic Center"
                                                         },
                                            "cleaning_flag":  null,
                                            "ors_label":  null,
                                            "ors_confidence":  null,
                                            "ors_locality":  null,
                                            "ors_borough":  null,
                                            "ors_region":  null,
                                            "ors_county":  null,
                                            "ors_error":  null,
                                            "thesis_review_flag":  null
                                        },
                         "geometry":  {
                                          "type":  "Point",
                                          "coordinates":  [
                                                              121.4326643,
                                                              14.2647837
                                                          ]
                                      }
                     },
                     {
                         "type":  "Feature",
                         "properties":  {
                                            "osm_type":  "node",
                                            "osm_id":  8403172318,
                                            "name":  "Angela store",
                                            "category":  "market_food",
                                            "amenity":  null,
                                            "healthcare":  null,
                                            "shop":  "convenience",
                                            "office":  null,
                                            "operator":  null,
                                            "addr_full":  null,
                                            "addr_street":  null,
                                            "addr_barangay":  null,
                                            "phone":  null,
                                            "opening_hours":  null,
                                            "lat":  14.2323308,
                                            "lon":  121.4320717,
                                            "raw_tags":  {
                                                             "name":  "Angela store",
                                                             "shop":  "convenience"
                                                         },
                                            "cleaning_flag":  null,
                                            "ors_label":  null,
                                            "ors_confidence":  null,
                                            "ors_locality":  null,
                                            "ors_borough":  null,
                                            "ors_region":  null,
                                            "ors_county":  null,
                                            "ors_error":  null,
                                            "thesis_review_flag":  null
                                        },
                         "geometry":  {
                                          "type":  "Point",
                                          "coordinates":  [
                                                              121.4320717,
                                                              14.2323308
                                                          ]
                                      }
                     },
                     {
                         "type":  "Feature",
                         "properties":  {
                                            "osm_type":  "node",
                                            "osm_id":  8403172319,
                                            "name":  "Marlene store",
                                            "category":  "market_food",
                                            "amenity":  null,
                                            "healthcare":  null,
                                            "shop":  "convenience",
                                            "office":  null,
                                            "operator":  null,
                                            "addr_full":  null,
                                            "addr_street":  null,
                                            "addr_barangay":  null,
                                            "phone":  null,
                                            "opening_hours":  null,
                                            "lat":  14.2324341,
                                            "lon":  121.4332834,
                                            "raw_tags":  {
                                                             "name":  "Marlene store",
                                                             "shop":  "convenience"
                                                         },
                                            "cleaning_flag":  null,
                                            "ors_label":  null,
                                            "ors_confidence":  null,
                                            "ors_locality":  null,
                                            "ors_borough":  null,
                                            "ors_region":  null,
                                            "ors_county":  null,
                                            "ors_error":  null,
                                            "thesis_review_flag":  null
                                        },
                         "geometry":  {
                                          "type":  "Point",
                                          "coordinates":  [
                                                              121.4332834,
                                                              14.2324341
                                                          ]
                                      }
                     },
                     {
                         "type":  "Feature",
                         "properties":  {
                                            "osm_type":  "node",
                                            "osm_id":  8403172320,
                                            "name":  "Kia \u0026 Zia store",
                                            "category":  "market_food",
                                            "amenity":  null,
                                            "healthcare":  null,
                                            "shop":  "convenience",
                                            "office":  null,
                                            "operator":  null,
                                            "addr_full":  null,
                                            "addr_street":  null,
                                            "addr_barangay":  null,
                                            "phone":  null,
                                            "opening_hours":  null,
                                            "lat":  14.2337135,
                                            "lon":  121.4324628,
                                            "raw_tags":  {
                                                             "name":  "Kia \u0026 Zia store",
                                                             "shop":  "convenience"
                                                         },
                                            "cleaning_flag":  null,
                                            "ors_label":  null,
                                            "ors_confidence":  null,
                                            "ors_locality":  null,
                                            "ors_borough":  null,
                                            "ors_region":  null,
                                            "ors_county":  null,
                                            "ors_error":  null,
                                            "thesis_review_flag":  null
                                        },
                         "geometry":  {
                                          "type":  "Point",
                                          "coordinates":  [
                                                              121.4324628,
                                                              14.2337135
                                                          ]
                                      }
                     },
                     {
                         "type":  "Feature",
                         "properties":  {
                                            "osm_type":  "node",
                                            "osm_id":  8403172321,
                                            "name":  "Babylyn store",
                                            "category":  "market_food",
                                            "amenity":  null,
                                            "healthcare":  null,
                                            "shop":  "convenience",
                                            "office":  null,
                                            "operator":  null,
                                            "addr_full":  null,
                                            "addr_street":  null,
                                            "addr_barangay":  null,
                                            "phone":  null,
                                            "opening_hours":  null,
                                            "lat":  14.2435191,
                                            "lon":  121.4341928,
                                            "raw_tags":  {
                                                             "name":  "Babylyn store",
                                                             "shop":  "convenience"
                                                         },
                                            "cleaning_flag":  null,
                                            "ors_label":  null,
                                            "ors_confidence":  null,
                                            "ors_locality":  null,
                                            "ors_borough":  null,
                                            "ors_region":  null,
                                            "ors_county":  null,
                                            "ors_error":  null,
                                            "thesis_review_flag":  null
                                        },
                         "geometry":  {
                                          "type":  "Point",
                                          "coordinates":  [
                                                              121.4341928,
                                                              14.2435191
                                                          ]
                                      }
                     },
                     {
                         "type":  "Feature",
                         "properties":  {
                                            "osm_type":  "node",
                                            "osm_id":  8403172322,
                                            "name":  "Angelica store",
                                            "category":  "market_food",
                                            "amenity":  null,
                                            "healthcare":  null,
                                            "shop":  "convenience",
                                            "office":  null,
                                            "operator":  null,
                                            "addr_full":  null,
                                            "addr_street":  null,
                                            "addr_barangay":  null,
                                            "phone":  null,
                                            "opening_hours":  null,
                                            "lat":  14.2457283,
                                            "lon":  121.4344753,
                                            "raw_tags":  {
                                                             "name":  "Angelica store",
                                                             "shop":  "convenience"
                                                         },
                                            "cleaning_flag":  null,
                                            "ors_label":  null,
                                            "ors_confidence":  null,
                                            "ors_locality":  null,
                                            "ors_borough":  null,
                                            "ors_region":  null,
                                            "ors_county":  null,
                                            "ors_error":  null,
                                            "thesis_review_flag":  null
                                        },
                         "geometry":  {
                                          "type":  "Point",
                                          "coordinates":  [
                                                              121.4344753,
                                                              14.2457283
                                                          ]
                                      }
                     },
                     {
                         "type":  "Feature",
                         "properties":  {
                                            "osm_type":  "node",
                                            "osm_id":  8403172323,
                                            "name":  "Nanay Sol store",
                                            "category":  "market_food",
                                            "amenity":  null,
                                            "healthcare":  null,
                                            "shop":  "convenience",
                                            "office":  null,
                                            "operator":  null,
                                            "addr_full":  null,
                                            "addr_street":  null,
                                            "addr_barangay":  null,
                                            "phone":  null,
                                            "opening_hours":  null,
                                            "lat":  14.2506916,
                                            "lon":  121.4348673,
                                            "raw_tags":  {
                                                             "name":  "Nanay Sol store",
                                                             "shop":  "convenience"
                                                         },
                                            "cleaning_flag":  null,
                                            "ors_label":  null,
                                            "ors_confidence":  null,
                                            "ors_locality":  null,
                                            "ors_borough":  null,
                                            "ors_region":  null,
                                            "ors_county":  null,
                                            "ors_error":  null,
                                            "thesis_review_flag":  null
                                        },
                         "geometry":  {
                                          "type":  "Point",
                                          "coordinates":  [
                                                              121.4348673,
                                                              14.2506916
                                                          ]
                                      }
                     },
                     {
                         "type":  "Feature",
                         "properties":  {
                                            "osm_type":  "node",
                                            "osm_id":  8403172324,
                                            "name":  "Nancy store",
                                            "category":  "market_food",
                                            "amenity":  null,
                                            "healthcare":  null,
                                            "shop":  "convenience",
                                            "office":  null,
                                            "operator":  null,
                                            "addr_full":  null,
                                            "addr_street":  null,
                                            "addr_barangay":  null,
                                            "phone":  null,
                                            "opening_hours":  null,
                                            "lat":  14.2528742,
                                            "lon":  121.4351514,
                                            "raw_tags":  {
                                                             "name":  "Nancy store",
                                                             "shop":  "convenience"
                                                         },
                                            "cleaning_flag":  null,
                                            "ors_label":  null,
                                            "ors_confidence":  null,
                                            "ors_locality":  null,
                                            "ors_borough":  null,
                                            "ors_region":  null,
                                            "ors_county":  null,
                                            "ors_error":  null,
                                            "thesis_review_flag":  null
                                        },
                         "geometry":  {
                                          "type":  "Point",
                                          "coordinates":  [
                                                              121.4351514,
                                                              14.2528742
                                                          ]
                                      }
                     },
                     {
                         "type":  "Feature",
                         "properties":  {
                                            "osm_type":  "node",
                                            "osm_id":  8403197217,
                                            "name":  "Chabs store",
                                            "category":  "market_food",
                                            "amenity":  null,
                                            "healthcare":  null,
                                            "shop":  "convenience",
                                            "office":  null,
                                            "operator":  null,
                                            "addr_full":  null,
                                            "addr_street":  null,
                                            "addr_barangay":  null,
                                            "phone":  null,
                                            "opening_hours":  null,
                                            "lat":  14.2323615,
                                            "lon":  121.4327047,
                                            "raw_tags":  {
                                                             "name":  "Chabs store",
                                                             "shop":  "convenience"
                                                         },
                                            "cleaning_flag":  null,
                                            "ors_label":  null,
                                            "ors_confidence":  null,
                                            "ors_locality":  null,
                                            "ors_borough":  null,
                                            "ors_region":  null,
                                            "ors_county":  null,
                                            "ors_error":  null,
                                            "thesis_review_flag":  null
                                        },
                         "geometry":  {
                                          "type":  "Point",
                                          "coordinates":  [
                                                              121.4327047,
                                                              14.2323615
                                                          ]
                                      }
                     },
                     {
                         "type":  "Feature",
                         "properties":  {
                                            "osm_type":  "node",
                                            "osm_id":  8403197218,
                                            "name":  "Zaviza store",
                                            "category":  "market_food",
                                            "amenity":  null,
                                            "healthcare":  null,
                                            "shop":  "convenience",
                                            "office":  null,
                                            "operator":  null,
                                            "addr_full":  null,
                                            "addr_street":  null,
                                            "addr_barangay":  null,
                                            "phone":  null,
                                            "opening_hours":  null,
                                            "lat":  14.2398246,
                                            "lon":  121.433713,
                                            "raw_tags":  {
                                                             "name":  "Zaviza store",
                                                             "shop":  "convenience"
                                                         },
                                            "cleaning_flag":  null,
                                            "ors_label":  null,
                                            "ors_confidence":  null,
                                            "ors_locality":  null,
                                            "ors_borough":  null,
                                            "ors_region":  null,
                                            "ors_county":  null,
                                            "ors_error":  null,
                                            "thesis_review_flag":  null
                                        },
                         "geometry":  {
                                          "type":  "Point",
                                          "coordinates":  [
                                                              121.433713,
                                                              14.2398246
                                                          ]
                                      }
                     },
                     {
                         "type":  "Feature",
                         "properties":  {
                                            "osm_type":  "node",
                                            "osm_id":  8403197219,
                                            "name":  "Shemina store",
                                            "category":  "market_food",
                                            "amenity":  null,
                                            "healthcare":  null,
                                            "shop":  "convenience",
                                            "office":  null,
                                            "operator":  null,
                                            "addr_full":  null,
                                            "addr_street":  null,
                                            "addr_barangay":  null,
                                            "phone":  null,
                                            "opening_hours":  null,
                                            "lat":  14.2405408,
                                            "lon":  121.4337878,
                                            "raw_tags":  {
                                                             "name":  "Shemina store",
                                                             "shop":  "convenience"
                                                         },
                                            "cleaning_flag":  null,
                                            "ors_label":  null,
                                            "ors_confidence":  null,
                                            "ors_locality":  null,
                                            "ors_borough":  null,
                                            "ors_region":  null,
                                            "ors_county":  null,
                                            "ors_error":  null,
                                            "thesis_review_flag":  null
                                        },
                         "geometry":  {
                                          "type":  "Point",
                                          "coordinates":  [
                                                              121.4337878,
                                                              14.2405408
                                                          ]
                                      }
                     },
                     {
                         "type":  "Feature",
                         "properties":  {
                                            "osm_type":  "node",
                                            "osm_id":  8403197317,
                                            "name":  "Oyo Boy wholesale \u0026 retail",
                                            "category":  "market_food",
                                            "amenity":  null,
                                            "healthcare":  null,
                                            "shop":  "convenience",
                                            "office":  null,
                                            "operator":  null,
                                            "addr_full":  null,
                                            "addr_street":  null,
                                            "addr_barangay":  null,
                                            "phone":  null,
                                            "opening_hours":  null,
                                            "lat":  14.2408413,
                                            "lon":  121.4338863,
                                            "raw_tags":  {
                                                             "name":  "Oyo Boy wholesale \u0026 retail",
                                                             "shop":  "convenience"
                                                         },
                                            "cleaning_flag":  null,
                                            "ors_label":  null,
                                            "ors_confidence":  null,
                                            "ors_locality":  null,
                                            "ors_borough":  null,
                                            "ors_region":  null,
                                            "ors_county":  null,
                                            "ors_error":  null,
                                            "thesis_review_flag":  null
                                        },
                         "geometry":  {
                                          "type":  "Point",
                                          "coordinates":  [
                                                              121.4338863,
                                                              14.2408413
                                                          ]
                                      }
                     },
                     {
                         "type":  "Feature",
                         "properties":  {
                                            "osm_type":  "node",
                                            "osm_id":  8403197318,
                                            "name":  "ACIS store",
                                            "category":  "market_food",
                                            "amenity":  null,
                                            "healthcare":  null,
                                            "shop":  "convenience",
                                            "office":  null,
                                            "operator":  null,
                                            "addr_full":  null,
                                            "addr_street":  null,
                                            "addr_barangay":  null,
                                            "phone":  null,
                                            "opening_hours":  null,
                                            "lat":  14.2446982,
                                            "lon":  121.4343358,
                                            "raw_tags":  {
                                                             "name":  "ACIS store",
                                                             "shop":  "convenience"
                                                         },
                                            "cleaning_flag":  null,
                                            "ors_label":  null,
                                            "ors_confidence":  null,
                                            "ors_locality":  null,
                                            "ors_borough":  null,
                                            "ors_region":  null,
                                            "ors_county":  null,
                                            "ors_error":  null,
                                            "thesis_review_flag":  null
                                        },
                         "geometry":  {
                                          "type":  "Point",
                                          "coordinates":  [
                                                              121.4343358,
                                                              14.2446982
                                                          ]
                                      }
                     },
                     {
                         "type":  "Feature",
                         "properties":  {
                                            "osm_type":  "node",
                                            "osm_id":  8403197417,
                                            "name":  "IRT Nice E-store",
                                            "category":  "market_food",
                                            "amenity":  null,
                                            "healthcare":  null,
                                            "shop":  "convenience",
                                            "office":  null,
                                            "operator":  null,
                                            "addr_full":  null,
                                            "addr_street":  null,
                                            "addr_barangay":  null,
                                            "phone":  null,
                                            "opening_hours":  null,
                                            "lat":  14.2411584,
                                            "lon":  121.4339455,
                                            "raw_tags":  {
                                                             "name":  "IRT Nice E-store",
                                                             "shop":  "convenience"
                                                         },
                                            "cleaning_flag":  null,
                                            "ors_label":  null,
                                            "ors_confidence":  null,
                                            "ors_locality":  null,
                                            "ors_borough":  null,
                                            "ors_region":  null,
                                            "ors_county":  null,
                                            "ors_error":  null,
                                            "thesis_review_flag":  null
                                        },
                         "geometry":  {
                                          "type":  "Point",
                                          "coordinates":  [
                                                              121.4339455,
                                                              14.2411584
                                                          ]
                                      }
                     },
                     {
                         "type":  "Feature",
                         "properties":  {
                                            "osm_type":  "node",
                                            "osm_id":  8518429246,
                                            "name":  null,
                                            "category":  "market_food",
                                            "amenity":  null,
                                            "healthcare":  null,
                                            "shop":  "convenience",
                                            "office":  null,
                                            "operator":  null,
                                            "addr_full":  null,
                                            "addr_street":  null,
                                            "addr_barangay":  null,
                                            "phone":  null,
                                            "opening_hours":  null,
                                            "lat":  14.2652644,
                                            "lon":  121.4282238,
                                            "raw_tags":  {
                                                             "shop":  "convenience"
                                                         },
                                            "cleaning_flag":  null,
                                            "ors_label":  null,
                                            "ors_confidence":  null,
                                            "ors_locality":  null,
                                            "ors_borough":  null,
                                            "ors_region":  null,
                                            "ors_county":  null,
                                            "ors_error":  null,
                                            "thesis_review_flag":  "NAME_MISSING"
                                        },
                         "geometry":  {
                                          "type":  "Point",
                                          "coordinates":  [
                                                              121.4282238,
                                                              14.2652644
                                                          ]
                                      }
                     },
                     {
                         "type":  "Feature",
                         "properties":  {
                                            "osm_type":  "node",
                                            "osm_id":  9662063817,
                                            "name":  "Mean - windell",
                                            "category":  "market_food",
                                            "amenity":  null,
                                            "healthcare":  null,
                                            "shop":  "convenience",
                                            "office":  null,
                                            "operator":  null,
                                            "addr_full":  null,
                                            "addr_street":  null,
                                            "addr_barangay":  null,
                                            "phone":  null,
                                            "opening_hours":  null,
                                            "lat":  14.270542,
                                            "lon":  121.4330928,
                                            "raw_tags":  {
                                                             "name":  "Mean - windell",
                                                             "name:en":  "Mean - windel",
                                                             "shop":  "convenience"
                                                         },
                                            "cleaning_flag":  null,
                                            "ors_label":  null,
                                            "ors_confidence":  null,
                                            "ors_locality":  null,
                                            "ors_borough":  null,
                                            "ors_region":  null,
                                            "ors_county":  null,
                                            "ors_error":  null,
                                            "thesis_review_flag":  null
                                        },
                         "geometry":  {
                                          "type":  "Point",
                                          "coordinates":  [
                                                              121.4330928,
                                                              14.270542
                                                          ]
                                      }
                     },
                     {
                         "type":  "Feature",
                         "properties":  {
                                            "osm_type":  "node",
                                            "osm_id":  9717007217,
                                            "name":  "Del Rosario",
                                            "category":  "market_food",
                                            "amenity":  null,
                                            "healthcare":  null,
                                            "shop":  "convenience",
                                            "office":  null,
                                            "operator":  null,
                                            "addr_full":  null,
                                            "addr_street":  null,
                                            "addr_barangay":  null,
                                            "phone":  null,
                                            "opening_hours":  null,
                                            "lat":  14.266772,
                                            "lon":  121.4300885,
                                            "raw_tags":  {
                                                             "name":  "Del Rosario",
                                                             "shop":  "convenience"
                                                         },
                                            "cleaning_flag":  null,
                                            "ors_label":  null,
                                            "ors_confidence":  null,
                                            "ors_locality":  null,
                                            "ors_borough":  null,
                                            "ors_region":  null,
                                            "ors_county":  null,
                                            "ors_error":  null,
                                            "thesis_review_flag":  null
                                        },
                         "geometry":  {
                                          "type":  "Point",
                                          "coordinates":  [
                                                              121.4300885,
                                                              14.266772
                                                          ]
                                      }
                     },
                     {
                         "type":  "Feature",
                         "properties":  {
                                            "osm_type":  "node",
                                            "osm_id":  9789374119,
                                            "name":  "Pamilihan 2 go - randy",
                                            "category":  "market_food",
                                            "amenity":  null,
                                            "healthcare":  null,
                                            "shop":  "convenience",
                                            "office":  null,
                                            "operator":  null,
                                            "addr_full":  null,
                                            "addr_street":  null,
                                            "addr_barangay":  null,
                                            "phone":  null,
                                            "opening_hours":  null,
                                            "lat":  14.2386976,
                                            "lon":  121.4338682,
                                            "raw_tags":  {
                                                             "name":  "Pamilihan 2 go - randy",
                                                             "shop":  "convenience"
                                                         },
                                            "cleaning_flag":  null,
                                            "ors_label":  null,
                                            "ors_confidence":  null,
                                            "ors_locality":  null,
                                            "ors_borough":  null,
                                            "ors_region":  null,
                                            "ors_county":  null,
                                            "ors_error":  null,
                                            "thesis_review_flag":  null
                                        },
                         "geometry":  {
                                          "type":  "Point",
                                          "coordinates":  [
                                                              121.4338682,
                                                              14.2386976
                                                          ]
                                      }
                     },
                     {
                         "type":  "Feature",
                         "properties":  {
                                            "osm_type":  "node",
                                            "osm_id":  9789384517,
                                            "name":  "Layson - windel",
                                            "category":  "market_food",
                                            "amenity":  null,
                                            "healthcare":  null,
                                            "shop":  "convenience",
                                            "office":  null,
                                            "operator":  null,
                                            "addr_full":  null,
                                            "addr_street":  null,
                                            "addr_barangay":  null,
                                            "phone":  null,
                                            "opening_hours":  null,
                                            "lat":  14.2395956,
                                            "lon":  121.4336569,
                                            "raw_tags":  {
                                                             "name":  "Layson - windel",
                                                             "shop":  "convenience"
                                                         },
                                            "cleaning_flag":  null,
                                            "ors_label":  null,
                                            "ors_confidence":  null,
                                            "ors_locality":  null,
                                            "ors_borough":  null,
                                            "ors_region":  null,
                                            "ors_county":  null,
                                            "ors_error":  null,
                                            "thesis_review_flag":  null
                                        },
                         "geometry":  {
                                          "type":  "Point",
                                          "coordinates":  [
                                                              121.4336569,
                                                              14.2395956
                                                          ]
                                      }
                     },
                     {
                         "type":  "Feature",
                         "properties":  {
                                            "osm_type":  "node",
                                            "osm_id":  9821617417,
                                            "name":  "Joy - windel",
                                            "category":  "market_food",
                                            "amenity":  null,
                                            "healthcare":  null,
                                            "shop":  "convenience",
                                            "office":  null,
                                            "operator":  null,
                                            "addr_full":  null,
                                            "addr_street":  null,
                                            "addr_barangay":  null,
                                            "phone":  null,
                                            "opening_hours":  null,
                                            "lat":  14.261257,
                                            "lon":  121.4268276,
                                            "raw_tags":  {
                                                             "name":  "Joy - windel",
                                                             "shop":  "convenience"
                                                         },
                                            "cleaning_flag":  null,
                                            "ors_label":  null,
                                            "ors_confidence":  null,
                                            "ors_locality":  null,
                                            "ors_borough":  null,
                                            "ors_region":  null,
                                            "ors_county":  null,
                                            "ors_error":  null,
                                            "thesis_review_flag":  null
                                        },
                         "geometry":  {
                                          "type":  "Point",
                                          "coordinates":  [
                                                              121.4268276,
                                                              14.261257
                                                          ]
                                      }
                     },
                     {
                         "type":  "Feature",
                         "properties":  {
                                            "osm_type":  "node",
                                            "osm_id":  9832140117,
                                            "name":  "Irma",
                                            "category":  "market_food",
                                            "amenity":  null,
                                            "healthcare":  null,
                                            "shop":  "convenience",
                                            "office":  null,
                                            "operator":  null,
                                            "addr_full":  null,
                                            "addr_street":  null,
                                            "addr_barangay":  null,
                                            "phone":  null,
                                            "opening_hours":  null,
                                            "lat":  14.2541463,
                                            "lon":  121.4383771,
                                            "raw_tags":  {
                                                             "name":  "Irma",
                                                             "shop":  "convenience"
                                                         },
                                            "cleaning_flag":  null,
                                            "ors_label":  null,
                                            "ors_confidence":  null,
                                            "ors_locality":  null,
                                            "ors_borough":  null,
                                            "ors_region":  null,
                                            "ors_county":  null,
                                            "ors_error":  null,
                                            "thesis_review_flag":  null
                                        },
                         "geometry":  {
                                          "type":  "Point",
                                          "coordinates":  [
                                                              121.4383771,
                                                              14.2541463
                                                          ]
                                      }
                     },
                     {
                         "type":  "Feature",
                         "properties":  {
                                            "osm_type":  "node",
                                            "osm_id":  9832142217,
                                            "name":  "Cristy",
                                            "category":  "market_food",
                                            "amenity":  null,
                                            "healthcare":  null,
                                            "shop":  "convenience",
                                            "office":  null,
                                            "operator":  null,
                                            "addr_full":  null,
                                            "addr_street":  null,
                                            "addr_barangay":  null,
                                            "phone":  null,
                                            "opening_hours":  null,
                                            "lat":  14.253677,
                                            "lon":  121.4376178,
                                            "raw_tags":  {
                                                             "name":  "Cristy",
                                                             "shop":  "convenience"
                                                         },
                                            "cleaning_flag":  null,
                                            "ors_label":  null,
                                            "ors_confidence":  null,
                                            "ors_locality":  null,
                                            "ors_borough":  null,
                                            "ors_region":  null,
                                            "ors_county":  null,
                                            "ors_error":  null,
                                            "thesis_review_flag":  null
                                        },
                         "geometry":  {
                                          "type":  "Point",
                                          "coordinates":  [
                                                              121.4376178,
                                                              14.253677
                                                          ]
                                      }
                     },
                     {
                         "type":  "Feature",
                         "properties":  {
                                            "osm_type":  "node",
                                            "osm_id":  9840150717,
                                            "name":  "Jean",
                                            "category":  "market_food",
                                            "amenity":  null,
                                            "healthcare":  null,
                                            "shop":  "convenience",
                                            "office":  null,
                                            "operator":  null,
                                            "addr_full":  null,
                                            "addr_street":  null,
                                            "addr_barangay":  null,
                                            "phone":  null,
                                            "opening_hours":  null,
                                            "lat":  14.2666237,
                                            "lon":  121.4615578,
                                            "raw_tags":  {
                                                             "name":  "Jean",
                                                             "shop":  "convenience"
                                                         },
                                            "cleaning_flag":  null,
                                            "ors_label":  null,
                                            "ors_confidence":  null,
                                            "ors_locality":  null,
                                            "ors_borough":  null,
                                            "ors_region":  null,
                                            "ors_county":  null,
                                            "ors_error":  null,
                                            "thesis_review_flag":  null
                                        },
                         "geometry":  {
                                          "type":  "Point",
                                          "coordinates":  [
                                                              121.4615578,
                                                              14.2666237
                                                          ]
                                      }
                     },
                     {
                         "type":  "Feature",
                         "properties":  {
                                            "osm_type":  "node",
                                            "osm_id":  9840429817,
                                            "name":  "Myra",
                                            "category":  "market_food",
                                            "amenity":  null,
                                            "healthcare":  null,
                                            "shop":  "convenience",
                                            "office":  null,
                                            "operator":  null,
                                            "addr_full":  null,
                                            "addr_street":  null,
                                            "addr_barangay":  null,
                                            "phone":  null,
                                            "opening_hours":  null,
                                            "lat":  14.2693964,
                                            "lon":  121.4510447,
                                            "raw_tags":  {
                                                             "name":  "Myra",
                                                             "shop":  "convenience"
                                                         },
                                            "cleaning_flag":  null,
                                            "ors_label":  null,
                                            "ors_confidence":  null,
                                            "ors_locality":  null,
                                            "ors_borough":  null,
                                            "ors_region":  null,
                                            "ors_county":  null,
                                            "ors_error":  null,
                                            "thesis_review_flag":  null
                                        },
                         "geometry":  {
                                          "type":  "Point",
                                          "coordinates":  [
                                                              121.4510447,
                                                              14.2693964
                                                          ]
                                      }
                     },
                     {
                         "type":  "Feature",
                         "properties":  {
                                            "osm_type":  "node",
                                            "osm_id":  9840444718,
                                            "name":  "Ray - an",
                                            "category":  "market_food",
                                            "amenity":  null,
                                            "healthcare":  null,
                                            "shop":  "convenience",
                                            "office":  null,
                                            "operator":  null,
                                            "addr_full":  null,
                                            "addr_street":  null,
                                            "addr_barangay":  null,
                                            "phone":  null,
                                            "opening_hours":  null,
                                            "lat":  14.2700653,
                                            "lon":  121.4509036,
                                            "raw_tags":  {
                                                             "name":  "Ray - an",
                                                             "shop":  "convenience"
                                                         },
                                            "cleaning_flag":  null,
                                            "ors_label":  null,
                                            "ors_confidence":  null,
                                            "ors_locality":  null,
                                            "ors_borough":  null,
                                            "ors_region":  null,
                                            "ors_county":  null,
                                            "ors_error":  null,
                                            "thesis_review_flag":  null
                                        },
                         "geometry":  {
                                          "type":  "Point",
                                          "coordinates":  [
                                                              121.4509036,
                                                              14.2700653
                                                          ]
                                      }
                     },
                     {
                         "type":  "Feature",
                         "properties":  {
                                            "osm_type":  "node",
                                            "osm_id":  9857342917,
                                            "name":  "Julie",
                                            "category":  "market_food",
                                            "amenity":  null,
                                            "healthcare":  null,
                                            "shop":  "convenience",
                                            "office":  null,
                                            "operator":  null,
                                            "addr_full":  null,
                                            "addr_street":  null,
                                            "addr_barangay":  null,
                                            "phone":  null,
                                            "opening_hours":  null,
                                            "lat":  14.2695971,
                                            "lon":  121.4536395,
                                            "raw_tags":  {
                                                             "name":  "Julie",
                                                             "shop":  "convenience"
                                                         },
                                            "cleaning_flag":  null,
                                            "ors_label":  null,
                                            "ors_confidence":  null,
                                            "ors_locality":  null,
                                            "ors_borough":  null,
                                            "ors_region":  null,
                                            "ors_county":  null,
                                            "ors_error":  null,
                                            "thesis_review_flag":  null
                                        },
                         "geometry":  {
                                          "type":  "Point",
                                          "coordinates":  [
                                                              121.4536395,
                                                              14.2695971
                                                          ]
                                      }
                     },
                     {
                         "type":  "Feature",
                         "properties":  {
                                            "osm_type":  "node",
                                            "osm_id":  9880203417,
                                            "name":  "Elvie",
                                            "category":  "market_food",
                                            "amenity":  null,
                                            "healthcare":  null,
                                            "shop":  "convenience",
                                            "office":  null,
                                            "operator":  null,
                                            "addr_full":  null,
                                            "addr_street":  null,
                                            "addr_barangay":  null,
                                            "phone":  null,
                                            "opening_hours":  null,
                                            "lat":  14.2435156,
                                            "lon":  121.4341177,
                                            "raw_tags":  {
                                                             "name":  "Elvie",
                                                             "shop":  "convenience"
                                                         },
                                            "cleaning_flag":  null,
                                            "ors_label":  null,
                                            "ors_confidence":  null,
                                            "ors_locality":  null,
                                            "ors_borough":  null,
                                            "ors_region":  null,
                                            "ors_county":  null,
                                            "ors_error":  null,
                                            "thesis_review_flag":  null
                                        },
                         "geometry":  {
                                          "type":  "Point",
                                          "coordinates":  [
                                                              121.4341177,
                                                              14.2435156
                                                          ]
                                      }
                     },
                     {
                         "type":  "Feature",
                         "properties":  {
                                            "osm_type":  "node",
                                            "osm_id":  10682729799,
                                            "name":  "Pinagsanhan Office for Senior Citizens Affairs",
                                            "category":  "community_social",
                                            "amenity":  "social_facility",
                                            "healthcare":  null,
                                            "shop":  null,
                                            "office":  null,
                                            "operator":  null,
                                            "addr_full":  null,
                                            "addr_street":  "Tramo Street",
                                            "addr_barangay":  null,
                                            "phone":  null,
                                            "opening_hours":  null,
                                            "lat":  14.2704727,
                                            "lon":  121.4554919,
                                            "raw_tags":  {
                                                             "addr:quarter":  "Pinagsanjan",
                                                             "addr:street":  "Tramo Street",
                                                             "addr:town":  "Pagsanjan",
                                                             "amenity":  "social_facility",
                                                             "name":  "Pinagsanhan Office for Senior Citizens Affairs",
                                                             "social_facility":  "outreach",
                                                             "social_facility:for":  "senior"
                                                         },
                                            "cleaning_flag":  null,
                                            "ors_label":  null,
                                            "ors_confidence":  null,
                                            "ors_locality":  null,
                                            "ors_borough":  null,
                                            "ors_region":  null,
                                            "ors_county":  null,
                                            "ors_error":  null,
                                            "thesis_review_flag":  null
                                        },
                         "geometry":  {
                                          "type":  "Point",
                                          "coordinates":  [
                                                              121.4554919,
                                                              14.2704727
                                                          ]
                                      }
                     },
                     {
                         "type":  "Feature",
                         "properties":  {
                                            "osm_type":  "node",
                                            "osm_id":  12702184504,
                                            "name":  "Dali",
                                            "category":  "market_food",
                                            "amenity":  null,
                                            "healthcare":  null,
                                            "shop":  "convenience",
                                            "office":  null,
                                            "operator":  null,
                                            "addr_full":  null,
                                            "addr_street":  "J. P. Rizal Street",
                                            "addr_barangay":  null,
                                            "phone":  null,
                                            "opening_hours":  "24/7",
                                            "lat":  14.2737029,
                                            "lon":  121.4495483,
                                            "raw_tags":  {
                                                             "addr:street":  "J. P. Rizal Street",
                                                             "brand":  "Dali",
                                                             "brand:wikidata":  "Q119854219",
                                                             "name":  "Dali",
                                                             "opening_hours":  "24/7",
                                                             "payment:credit_cards":  "yes",
                                                             "payment:gcash":  "yes",
                                                             "shop":  "convenience"
                                                         },
                                            "cleaning_flag":  null,
                                            "ors_label":  null,
                                            "ors_confidence":  null,
                                            "ors_locality":  null,
                                            "ors_borough":  null,
                                            "ors_region":  null,
                                            "ors_county":  null,
                                            "ors_error":  null,
                                            "thesis_review_flag":  null
                                        },
                         "geometry":  {
                                          "type":  "Point",
                                          "coordinates":  [
                                                              121.4495483,
                                                              14.2737029
                                                          ]
                                      }
                     },
                     {
                         "type":  "Feature",
                         "properties":  {
                                            "osm_type":  "way",
                                            "osm_id":  32529659,
                                            "name":  "Pagsanjan Public Market",
                                            "category":  "market_food",
                                            "amenity":  "marketplace",
                                            "healthcare":  null,
                                            "shop":  null,
                                            "office":  null,
                                            "operator":  null,
                                            "addr_full":  null,
                                            "addr_street":  null,
                                            "addr_barangay":  null,
                                            "phone":  null,
                                            "opening_hours":  null,
                                            "lat":  14.2642794,
                                            "lon":  121.4391002,
                                            "raw_tags":  {
                                                             "amenity":  "marketplace",
                                                             "name":  "Pagsanjan Public Market"
                                                         },
                                            "cleaning_flag":  null,
                                            "ors_label":  null,
                                            "ors_confidence":  null,
                                            "ors_locality":  null,
                                            "ors_borough":  null,
                                            "ors_region":  null,
                                            "ors_county":  null,
                                            "ors_error":  null,
                                            "thesis_review_flag":  null
                                        },
                         "geometry":  {
                                          "type":  "Point",
                                          "coordinates":  [
                                                              121.4391002,
                                                              14.2642794
                                                          ]
                                      }
                     },
                     {
                         "type":  "Feature",
                         "properties":  {
                                            "osm_type":  "way",
                                            "osm_id":  111662715,
                                            "name":  "Pagsanjan Eco-Tourist Police",
                                            "category":  "emergency_service",
                                            "amenity":  "police",
                                            "healthcare":  null,
                                            "shop":  null,
                                            "office":  null,
                                            "operator":  "Philippine National Police",
                                            "addr_full":  null,
                                            "addr_street":  "National Highway",
                                            "addr_barangay":  null,
                                            "phone":  null,
                                            "opening_hours":  null,
                                            "lat":  14.2824849,
                                            "lon":  121.4574723,
                                            "raw_tags":  {
                                                             "addr:city":  "Pagsanjan",
                                                             "addr:postcode":  "4008",
                                                             "addr:street":  "National Highway",
                                                             "amenity":  "police",
                                                             "building":  "yes",
                                                             "building:levels":  "2",
                                                             "name":  "Pagsanjan Eco-Tourist Police",
                                                             "operator":  "Philippine National Police",
                                                             "operator:short":  "PNP",
                                                             "operator:wikidata":  "Q963772"
                                                         },
                                            "cleaning_flag":  null,
                                            "ors_label":  null,
                                            "ors_confidence":  null,
                                            "ors_locality":  null,
                                            "ors_borough":  null,
                                            "ors_region":  null,
                                            "ors_county":  null,
                                            "ors_error":  null,
                                            "thesis_review_flag":  null
                                        },
                         "geometry":  {
                                          "type":  "Point",
                                          "coordinates":  [
                                                              121.4574723,
                                                              14.2824849
                                                          ]
                                      }
                     },
                     {
                         "type":  "Feature",
                         "properties":  {
                                            "osm_type":  "way",
                                            "osm_id":  112644880,
                                            "name":  "Talipapa",
                                            "category":  "market_food",
                                            "amenity":  "marketplace",
                                            "healthcare":  null,
                                            "shop":  null,
                                            "office":  null,
                                            "operator":  null,
                                            "addr_full":  null,
                                            "addr_street":  null,
                                            "addr_barangay":  null,
                                            "phone":  null,
                                            "opening_hours":  null,
                                            "lat":  14.2708563,
                                            "lon":  121.455386,
                                            "raw_tags":  {
                                                             "amenity":  "marketplace",
                                                             "building":  "yes",
                                                             "name":  "Talipapa",
                                                             "source":  "Bing"
                                                         },
                                            "cleaning_flag":  null,
                                            "ors_label":  null,
                                            "ors_confidence":  null,
                                            "ors_locality":  null,
                                            "ors_borough":  null,
                                            "ors_region":  null,
                                            "ors_county":  null,
                                            "ors_error":  null,
                                            "thesis_review_flag":  null
                                        },
                         "geometry":  {
                                          "type":  "Point",
                                          "coordinates":  [
                                                              121.455386,
                                                              14.2708563
                                                          ]
                                      }
                     },
                     {
                         "type":  "Feature",
                         "properties":  {
                                            "osm_type":  "way",
                                            "osm_id":  112777002,
                                            "name":  "Bahay Pamahalaan ng Barangay San Isidro",
                                            "category":  "government_office",
                                            "amenity":  "townhall",
                                            "healthcare":  null,
                                            "shop":  null,
                                            "office":  null,
                                            "operator":  null,
                                            "addr_full":  null,
                                            "addr_street":  "Crisostomo Street",
                                            "addr_barangay":  null,
                                            "phone":  null,
                                            "opening_hours":  null,
                                            "lat":  14.2823753,
                                            "lon":  121.4574688,
                                            "raw_tags":  {
                                                             "addr:postcode":  "4008",
                                                             "addr:quarter":  "San Isidro",
                                                             "addr:street":  "Crisostomo Street",
                                                             "addr:town":  "Pagsanjan",
                                                             "admin_level":  "10",
                                                             "amenity":  "townhall",
                                                             "building":  "civic",
                                                             "building:levels":  "2",
                                                             "name":  "Bahay Pamahalaan ng Barangay San Isidro",
                                                             "name:en":  "San Isidro Barangay Hall",
                                                             "name:tl":  "Bahay Pamahalaan ng Barangay San Isidro",
                                                             "townhall:type":  "barangay"
                                                         },
                                            "cleaning_flag":  null,
                                            "ors_label":  null,
                                            "ors_confidence":  null,
                                            "ors_locality":  null,
                                            "ors_borough":  null,
                                            "ors_region":  null,
                                            "ors_county":  null,
                                            "ors_error":  null,
                                            "thesis_review_flag":  null
                                        },
                         "geometry":  {
                                          "type":  "Point",
                                          "coordinates":  [
                                                              121.4574688,
                                                              14.2823753
                                                          ]
                                      }
                     },
                     {
                         "type":  "Feature",
                         "properties":  {
                                            "osm_type":  "way",
                                            "osm_id":  114506858,
                                            "name":  "Christian General Hospital",
                                            "category":  "healthcare",
                                            "amenity":  "hospital",
                                            "healthcare":  null,
                                            "shop":  null,
                                            "office":  null,
                                            "operator":  null,
                                            "addr_full":  null,
                                            "addr_street":  null,
                                            "addr_barangay":  null,
                                            "phone":  null,
                                            "opening_hours":  null,
                                            "lat":  14.2735039,
                                            "lon":  121.4553112,
                                            "raw_tags":  {
                                                             "amenity":  "hospital",
                                                             "name":  "Christian General Hospital"
                                                         },
                                            "cleaning_flag":  null,
                                            "ors_label":  null,
                                            "ors_confidence":  null,
                                            "ors_locality":  null,
                                            "ors_borough":  null,
                                            "ors_region":  null,
                                            "ors_county":  null,
                                            "ors_error":  null,
                                            "thesis_review_flag":  null
                                        },
                         "geometry":  {
                                          "type":  "Point",
                                          "coordinates":  [
                                                              121.4553112,
                                                              14.2735039
                                                          ]
                                      }
                     },
                     {
                         "type":  "Feature",
                         "properties":  {
                                            "osm_type":  "way",
                                            "osm_id":  118546159,
                                            "name":  "Agriculture and Nutrition Training Center",
                                            "category":  "government_office",
                                            "amenity":  null,
                                            "healthcare":  null,
                                            "shop":  null,
                                            "office":  "government",
                                            "operator":  null,
                                            "addr_full":  null,
                                            "addr_street":  null,
                                            "addr_barangay":  null,
                                            "phone":  null,
                                            "opening_hours":  null,
                                            "lat":  14.2645116,
                                            "lon":  121.4400304,
                                            "raw_tags":  {
                                                             "building":  "yes",
                                                             "name":  "Agriculture and Nutrition Training Center",
                                                             "office":  "government"
                                                         },
                                            "cleaning_flag":  null,
                                            "ors_label":  null,
                                            "ors_confidence":  null,
                                            "ors_locality":  null,
                                            "ors_borough":  null,
                                            "ors_region":  null,
                                            "ors_county":  null,
                                            "ors_error":  null,
                                            "thesis_review_flag":  null
                                        },
                         "geometry":  {
                                          "type":  "Point",
                                          "coordinates":  [
                                                              121.4400304,
                                                              14.2645116
                                                          ]
                                      }
                     },
                     {
                         "type":  "Feature",
                         "properties":  {
                                            "osm_type":  "way",
                                            "osm_id":  119884297,
                                            "name":  "Pagsanjan Medical Clinic and General Hospital",
                                            "category":  "healthcare",
                                            "amenity":  "hospital",
                                            "healthcare":  null,
                                            "shop":  null,
                                            "office":  null,
                                            "operator":  null,
                                            "addr_full":  null,
                                            "addr_street":  "J. P. Rizal Street",
                                            "addr_barangay":  null,
                                            "phone":  null,
                                            "opening_hours":  null,
                                            "lat":  14.2708176,
                                            "lon":  121.4460095,
                                            "raw_tags":  {
                                                             "addr:city":  "Pagsanjan",
                                                             "addr:postcode":  "4008",
                                                             "addr:street":  "J. P. Rizal Street",
                                                             "amenity":  "hospital",
                                                             "name":  "Pagsanjan Medical Clinic and General Hospital"
                                                         },
                                            "cleaning_flag":  null,
                                            "ors_label":  null,
                                            "ors_confidence":  null,
                                            "ors_locality":  null,
                                            "ors_borough":  null,
                                            "ors_region":  null,
                                            "ors_county":  null,
                                            "ors_error":  null,
                                            "thesis_review_flag":  null
                                        },
                         "geometry":  {
                                          "type":  "Point",
                                          "coordinates":  [
                                                              121.4460095,
                                                              14.2708176
                                                          ]
                                      }
                     },
                     {
                         "type":  "Feature",
                         "properties":  {
                                            "osm_type":  "way",
                                            "osm_id":  121968685,
                                            "name":  "GSIS Pagsanjan",
                                            "category":  "government_office",
                                            "amenity":  null,
                                            "healthcare":  null,
                                            "shop":  null,
                                            "office":  "government",
                                            "operator":  null,
                                            "addr_full":  null,
                                            "addr_street":  "National Highway",
                                            "addr_barangay":  null,
                                            "phone":  null,
                                            "opening_hours":  null,
                                            "lat":  14.2646969,
                                            "lon":  121.4369613,
                                            "raw_tags":  {
                                                             "addr:city":  "Pagsanjan",
                                                             "addr:postcode":  "4008",
                                                             "addr:street":  "National Highway",
                                                             "barrier":  "fence",
                                                             "government":  "insurance",
                                                             "landuse":  "commercial",
                                                             "name":  "GSIS Pagsanjan",
                                                             "office":  "government"
                                                         },
                                            "cleaning_flag":  null,
                                            "ors_label":  null,
                                            "ors_confidence":  null,
                                            "ors_locality":  null,
                                            "ors_borough":  null,
                                            "ors_region":  null,
                                            "ors_county":  null,
                                            "ors_error":  null,
                                            "thesis_review_flag":  null
                                        },
                         "geometry":  {
                                          "type":  "Point",
                                          "coordinates":  [
                                                              121.4369613,
                                                              14.2646969
                                                          ]
                                      }
                     },
                     {
                         "type":  "Feature",
                         "properties":  {
                                            "osm_type":  "way",
                                            "osm_id":  218562490,
                                            "name":  "One Stop Shop",
                                            "category":  "government_office",
                                            "amenity":  null,
                                            "healthcare":  null,
                                            "shop":  null,
                                            "office":  "government",
                                            "operator":  null,
                                            "addr_full":  null,
                                            "addr_street":  null,
                                            "addr_barangay":  null,
                                            "phone":  null,
                                            "opening_hours":  null,
                                            "lat":  14.2728224,
                                            "lon":  121.4558906,
                                            "raw_tags":  {
                                                             "building":  "yes",
                                                             "name":  "One Stop Shop",
                                                             "office":  "government"
                                                         },
                                            "cleaning_flag":  null,
                                            "ors_label":  null,
                                            "ors_confidence":  null,
                                            "ors_locality":  null,
                                            "ors_borough":  null,
                                            "ors_region":  null,
                                            "ors_county":  null,
                                            "ors_error":  null,
                                            "thesis_review_flag":  null
                                        },
                         "geometry":  {
                                          "type":  "Point",
                                          "coordinates":  [
                                                              121.4558906,
                                                              14.2728224
                                                          ]
                                      }
                     },
                     {
                         "type":  "Feature",
                         "properties":  {
                                            "osm_type":  "way",
                                            "osm_id":  303890051,
                                            "name":  "Pagsanjan Fire Station",
                                            "category":  "emergency_service",
                                            "amenity":  "fire_station",
                                            "healthcare":  null,
                                            "shop":  null,
                                            "office":  null,
                                            "operator":  "Bureau of Fire Protection",
                                            "addr_full":  null,
                                            "addr_street":  "National Highway",
                                            "addr_barangay":  null,
                                            "phone":  null,
                                            "opening_hours":  null,
                                            "lat":  14.2826536,
                                            "lon":  121.4574851,
                                            "raw_tags":  {
                                                             "addr:street":  "National Highway",
                                                             "addr:town":  "Pagsanjan",
                                                             "amenity":  "fire_station",
                                                             "building":  "civic",
                                                             "name":  "Pagsanjan Fire Station",
                                                             "operator":  "Bureau of Fire Protection",
                                                             "operator:wikidata":  "Q17027200",
                                                             "source_ref":  "https://www.bing.com/maps?cp=14.2827%7E121.457633\u0026lvl=11.0\u0026v=2\u0026sV=1\u0026style=x\u0026dir=266.5\u0026pi=-0.1"
                                                         },
                                            "cleaning_flag":  null,
                                            "ors_label":  null,
                                            "ors_confidence":  null,
                                            "ors_locality":  null,
                                            "ors_borough":  null,
                                            "ors_region":  null,
                                            "ors_county":  null,
                                            "ors_error":  null,
                                            "thesis_review_flag":  null
                                        },
                         "geometry":  {
                                          "type":  "Point",
                                          "coordinates":  [
                                                              121.4574851,
                                                              14.2826536
                                                          ]
                                      }
                     },
                     {
                         "type":  "Feature",
                         "properties":  {
                                            "osm_type":  "way",
                                            "osm_id":  864974205,
                                            "name":  "Pagsanjan Rural Health Unit",
                                            "category":  "healthcare",
                                            "amenity":  null,
                                            "healthcare":  "yes",
                                            "shop":  null,
                                            "office":  null,
                                            "operator":  null,
                                            "addr_full":  null,
                                            "addr_street":  null,
                                            "addr_barangay":  null,
                                            "phone":  null,
                                            "opening_hours":  null,
                                            "lat":  14.2645264,
                                            "lon":  121.4401912,
                                            "raw_tags":  {
                                                             "building":  "yes",
                                                             "healthcare":  "yes",
                                                             "name":  "Pagsanjan Rural Health Unit"
                                                         },
                                            "cleaning_flag":  null,
                                            "ors_label":  null,
                                            "ors_confidence":  null,
                                            "ors_locality":  null,
                                            "ors_borough":  null,
                                            "ors_region":  null,
                                            "ors_county":  null,
                                            "ors_error":  null,
                                            "thesis_review_flag":  null
                                        },
                         "geometry":  {
                                          "type":  "Point",
                                          "coordinates":  [
                                                              121.4401912,
                                                              14.2645264
                                                          ]
                                      }
                     },
                     {
                         "type":  "Feature",
                         "properties":  {
                                            "osm_type":  "way",
                                            "osm_id":  1023332572,
                                            "name":  "Bahay Pamahalaan ng Barangay Maulawin",
                                            "category":  "government_office",
                                            "amenity":  "townhall",
                                            "healthcare":  null,
                                            "shop":  null,
                                            "office":  null,
                                            "operator":  null,
                                            "addr_full":  null,
                                            "addr_street":  "Tramo Street",
                                            "addr_barangay":  null,
                                            "phone":  null,
                                            "opening_hours":  null,
                                            "lat":  14.2705032,
                                            "lon":  121.4555237,
                                            "raw_tags":  {
                                                             "addr:quarter":  "Pinagsanjan",
                                                             "addr:street":  "Tramo Street",
                                                             "addr:town":  "Pagsanjan",
                                                             "admin_level":  "10",
                                                             "amenity":  "townhall",
                                                             "building":  "civic",
                                                             "name":  "Bahay Pamahalaan ng Barangay Maulawin",
                                                             "name:en":  "Maulawin Barangay Hall",
                                                             "name:tl":  "Bahay Pamahalaan ng Barangay Maulawin",
                                                             "townhall:type":  "barangay"
                                                         },
                                            "cleaning_flag":  null,
                                            "ors_label":  null,
                                            "ors_confidence":  null,
                                            "ors_locality":  null,
                                            "ors_borough":  null,
                                            "ors_region":  null,
                                            "ors_county":  null,
                                            "ors_error":  null,
                                            "thesis_review_flag":  "LGU_VERIFICATION_REQUIRED"
                                        },
                         "geometry":  {
                                          "type":  "Point",
                                          "coordinates":  [
                                                              121.4555237,
                                                              14.2705032
                                                          ]
                                      }
                     },
                     {
                         "type":  "Feature",
                         "properties":  {
                                            "osm_type":  "way",
                                            "osm_id":  1058428961,
                                            "name":  "Land Transportation Office",
                                            "category":  "government_office",
                                            "amenity":  null,
                                            "healthcare":  null,
                                            "shop":  null,
                                            "office":  "government",
                                            "operator":  "Land Transportation Office",
                                            "addr_full":  null,
                                            "addr_street":  null,
                                            "addr_barangay":  null,
                                            "phone":  null,
                                            "opening_hours":  null,
                                            "lat":  14.265364,
                                            "lon":  121.4406151,
                                            "raw_tags":  {
                                                             "building":  "commercial",
                                                             "government":  "transportation",
                                                             "loc_name":  "LTO",
                                                             "name":  "Land Transportation Office",
                                                             "name:abbr":  "LTO",
                                                             "office":  "government",
                                                             "operator":  "Land Transportation Office",
                                                             "operator:en":  "Land Transportation Office",
                                                             "operator:short":  "LTO",
                                                             "operator:tl":  "Tanggapan sa Transportasyon Panlupa",
                                                             "operator:wikidata":  "Q6484001"
                                                         },
                                            "cleaning_flag":  null,
                                            "ors_label":  null,
                                            "ors_confidence":  null,
                                            "ors_locality":  null,
                                            "ors_borough":  null,
                                            "ors_region":  null,
                                            "ors_county":  null,
                                            "ors_error":  null,
                                            "thesis_review_flag":  null
                                        },
                         "geometry":  {
                                          "type":  "Point",
                                          "coordinates":  [
                                                              121.4406151,
                                                              14.265364
                                                          ]
                                      }
                     },
                     {
                         "type":  "Feature",
                         "properties":  {
                                            "osm_type":  "way",
                                            "osm_id":  1148158885,
                                            "name":  "Pinagsanjan Barangay Health Center",
                                            "category":  "healthcare",
                                            "amenity":  "health_post",
                                            "healthcare":  "community_health_worker",
                                            "shop":  null,
                                            "office":  null,
                                            "operator":  null,
                                            "addr_full":  null,
                                            "addr_street":  "Tramo Street",
                                            "addr_barangay":  null,
                                            "phone":  null,
                                            "opening_hours":  null,
                                            "lat":  14.2703104,
                                            "lon":  121.4554761,
                                            "raw_tags":  {
                                                             "addr:quarter":  "Pinagsanjan",
                                                             "addr:street":  "Tramo Street",
                                                             "addr:town":  "Pagsanjan",
                                                             "amenity":  "health_post",
                                                             "building":  "civic",
                                                             "healthcare":  "community_health_worker",
                                                             "name":  "Pinagsanjan Barangay Health Center",
                                                             "operator:type":  "public"
                                                         },
                                            "cleaning_flag":  null,
                                            "ors_label":  null,
                                            "ors_confidence":  null,
                                            "ors_locality":  null,
                                            "ors_borough":  null,
                                            "ors_region":  null,
                                            "ors_county":  null,
                                            "ors_error":  null,
                                            "thesis_review_flag":  null
                                        },
                         "geometry":  {
                                          "type":  "Point",
                                          "coordinates":  [
                                                              121.4554761,
                                                              14.2703104
                                                          ]
                                      }
                     },
                     {
                         "type":  "Feature",
                         "properties":  {
                                            "osm_type":  "node",
                                            "osm_id":  8062927553,
                                            "name":  "Biñan Barangay Hall",
                                            "category":  "barangay_hall",
                                            "amenity":  "townhall",
                                            "healthcare":  null,
                                            "shop":  null,
                                            "office":  null,
                                            "operator":  null,
                                            "addr_full":  null,
                                            "addr_street":  null,
                                            "addr_barangay":  null,
                                            "phone":  null,
                                            "opening_hours":  null,
                                            "lat":  14.2645044,
                                            "lon":  121.4327223,
                                            "raw_tags":  {
                                                             "amenity":  "townhall",
                                                             "name":  "Barangay Hall"
                                                         },
                                            "cleaning_flag":  "KEEP_REVIEWED",
                                            "ors_label":  null,
                                            "ors_confidence":  null,
                                            "ors_locality":  null,
                                            "ors_borough":  null,
                                            "ors_region":  null,
                                            "ors_county":  null,
                                            "ors_error":  null,
                                            "thesis_review_flag":  null
                                        },
                         "geometry":  {
                                          "type":  "Point",
                                          "coordinates":  [
                                                              121.4327223,
                                                              14.2645044
                                                          ]
                                      }
                     },
                     {
                         "type":  "Feature",
                         "properties":  {
                                            "osm_type":  "node",
                                            "osm_id":  8064044798,
                                            "name":  "Barangay Hall - Sabang",
                                            "category":  "barangay_hall",
                                            "amenity":  "townhall",
                                            "healthcare":  null,
                                            "shop":  null,
                                            "office":  null,
                                            "operator":  null,
                                            "addr_full":  null,
                                            "addr_street":  null,
                                            "addr_barangay":  null,
                                            "phone":  null,
                                            "opening_hours":  null,
                                            "lat":  14.2539439,
                                            "lon":  121.4352067,
                                            "raw_tags":  {
                                                             "amenity":  "townhall",
                                                             "name":  "Barangay Hall - Sabang"
                                                         },
                                            "cleaning_flag":  "KEEP_REVIEWED",
                                            "ors_label":  null,
                                            "ors_confidence":  null,
                                            "ors_locality":  null,
                                            "ors_borough":  null,
                                            "ors_region":  null,
                                            "ors_county":  null,
                                            "ors_error":  null,
                                            "thesis_review_flag":  null
                                        },
                         "geometry":  {
                                          "type":  "Point",
                                          "coordinates":  [
                                                              121.4352067,
                                                              14.2539439
                                                          ]
                                      }
                     },
                     {
                         "type":  "Feature",
                         "properties":  {
                                            "osm_type":  "node",
                                            "osm_id":  8064187015,
                                            "name":  "Bulwagang Pambarangay ng Cabanbanan",
                                            "category":  "barangay_hall",
                                            "amenity":  "townhall",
                                            "healthcare":  null,
                                            "shop":  null,
                                            "office":  null,
                                            "operator":  null,
                                            "addr_full":  null,
                                            "addr_street":  "F. T. San Luis Avenue",
                                            "addr_barangay":  null,
                                            "phone":  null,
                                            "opening_hours":  null,
                                            "lat":  14.2440958,
                                            "lon":  121.434296,
                                            "raw_tags":  {
                                                             "addr:street":  "F. T. San Luis Avenue",
                                                             "addr:village":  "Cabanbanan",
                                                             "admin_level":  "10",
                                                             "amenity":  "townhall",
                                                             "building":  "civic",
                                                             "name":  "Bulwagang Pambarangay ng Cabanbanan",
                                                             "name:en":  "Cabanbanan Barangay Hall",
                                                             "name:tl":  "Bulwagang Pambarangay ng Cabanbanan",
                                                             "townhall:type":  "barangay"
                                                         },
                                            "cleaning_flag":  "KEEP_REVIEWED",
                                            "ors_label":  null,
                                            "ors_confidence":  null,
                                            "ors_locality":  null,
                                            "ors_borough":  null,
                                            "ors_region":  null,
                                            "ors_county":  null,
                                            "ors_error":  null,
                                            "thesis_review_flag":  null
                                        },
                         "geometry":  {
                                          "type":  "Point",
                                          "coordinates":  [
                                                              121.434296,
                                                              14.2440958
                                                          ]
                                      }
                     },
                     {
                         "type":  "Feature",
                         "properties":  {
                                            "osm_type":  "node",
                                            "osm_id":  8064570169,
                                            "name":  "Buboy Barangay Hall",
                                            "category":  "barangay_hall",
                                            "amenity":  "townhall",
                                            "healthcare":  null,
                                            "shop":  null,
                                            "office":  null,
                                            "operator":  null,
                                            "addr_full":  null,
                                            "addr_street":  "F. T. San Luis Avenue",
                                            "addr_barangay":  null,
                                            "phone":  null,
                                            "opening_hours":  null,
                                            "lat":  14.2339043,
                                            "lon":  121.4324189,
                                            "raw_tags":  {
                                                             "addr:street":  "F. T. San Luis Avenue",
                                                             "amenity":  "townhall",
                                                             "name":  "Buboy Barangay Hall",
                                                             "townhall:type":  "barangay"
                                                         },
                                            "cleaning_flag":  "KEEP_REVIEWED",
                                            "ors_label":  null,
                                            "ors_confidence":  null,
                                            "ors_locality":  null,
                                            "ors_borough":  null,
                                            "ors_region":  null,
                                            "ors_county":  null,
                                            "ors_error":  null,
                                            "thesis_review_flag":  null
                                        },
                         "geometry":  {
                                          "type":  "Point",
                                          "coordinates":  [
                                                              121.4324189,
                                                              14.2339043
                                                          ]
                                      }
                     },
                     {
                         "type":  "Feature",
                         "properties":  {
                                            "osm_type":  "node",
                                            "osm_id":  8074791448,
                                            "name":  "Layugan Barangay Hall",
                                            "category":  "barangay_hall",
                                            "amenity":  "townhall",
                                            "healthcare":  null,
                                            "shop":  null,
                                            "office":  null,
                                            "operator":  null,
                                            "addr_full":  null,
                                            "addr_street":  null,
                                            "addr_barangay":  null,
                                            "phone":  null,
                                            "opening_hours":  null,
                                            "lat":  14.238951,
                                            "lon":  121.4372819,
                                            "raw_tags":  {
                                                             "amenity":  "townhall",
                                                             "name":  "Layugan Barangay Hall",
                                                             "townhall:type":  "barangay"
                                                         },
                                            "cleaning_flag":  "KEEP_REVIEWED",
                                            "ors_label":  null,
                                            "ors_confidence":  null,
                                            "ors_locality":  null,
                                            "ors_borough":  null,
                                            "ors_region":  null,
                                            "ors_county":  null,
                                            "ors_error":  null,
                                            "thesis_review_flag":  null
                                        },
                         "geometry":  {
                                          "type":  "Point",
                                          "coordinates":  [
                                                              121.4372819,
                                                              14.238951
                                                          ]
                                      }
                     },
                     {
                         "type":  "Feature",
                         "properties":  {
                                            "osm_type":  "node",
                                            "osm_id":  10682729800,
                                            "name":  "Sangguniang Pambarangay ng Pinagsanjan",
                                            "category":  "barangay_hall",
                                            "amenity":  null,
                                            "healthcare":  null,
                                            "shop":  null,
                                            "office":  "government",
                                            "operator":  null,
                                            "addr_full":  null,
                                            "addr_street":  "Tramo Street",
                                            "addr_barangay":  null,
                                            "phone":  null,
                                            "opening_hours":  "Mo-Fr 08:00-17:00",
                                            "lat":  14.2704811,
                                            "lon":  121.4554942,
                                            "raw_tags":  {
                                                             "addr:quarter":  "Pinagsanjan",
                                                             "addr:street":  "Tramo Street",
                                                             "addr:town":  "Pagsanjan",
                                                             "admin_level":  "10",
                                                             "government":  "legislative",
                                                             "name":  "Sangguniang Pambarangay ng Pinagsanjan",
                                                             "name:en":  "Pinagsanjan Barangay Council",
                                                             "name:tl":  "Sangguniang Pambarangay ng Pinagsanjan",
                                                             "office":  "government",
                                                             "official_name":  "Tanggapan ng Sangguniang Pambarangay ng Pinagsanjan",
                                                             "opening_hours":  "Mo-Fr 08:00-17:00"
                                                         },
                                            "cleaning_flag":  "KEEP_REVIEWED",
                                            "ors_label":  null,
                                            "ors_confidence":  null,
                                            "ors_locality":  null,
                                            "ors_borough":  null,
                                            "ors_region":  null,
                                            "ors_county":  null,
                                            "ors_error":  null,
                                            "thesis_review_flag":  "LGU_VERIFICATION_REQUIRED"
                                        },
                         "geometry":  {
                                          "type":  "Point",
                                          "coordinates":  [
                                                              121.4554942,
                                                              14.2704811
                                                          ]
                                      }
                     },
                     {
                         "type":  "Feature",
                         "properties":  {
                                            "osm_type":  "node",
                                            "osm_id":  10682847085,
                                            "name":  "Sangguniang Pambarangay ng San Isidro",
                                            "category":  "barangay_hall",
                                            "amenity":  null,
                                            "healthcare":  null,
                                            "shop":  null,
                                            "office":  "government",
                                            "operator":  null,
                                            "addr_full":  null,
                                            "addr_street":  "Crisostomo Street",
                                            "addr_barangay":  null,
                                            "phone":  null,
                                            "opening_hours":  "Mo-Fr 08:00-17:00",
                                            "lat":  14.282347,
                                            "lon":  121.4574875,
                                            "raw_tags":  {
                                                             "addr:quarter":  "San Isidro",
                                                             "addr:street":  "Crisostomo Street",
                                                             "addr:town":  "Pagsanjan",
                                                             "admin_level":  "10",
                                                             "government":  "legislative",
                                                             "name":  "Sangguniang Pambarangay ng San Isidro",
                                                             "name:en":  "San Isidro Barangay Council",
                                                             "name:tl":  "Sangguniang Pambarangay ng San Isidro",
                                                             "office":  "government",
                                                             "official_name":  "Tanggapan ng Sangguniang Pambarangay ng San Isidro",
                                                             "opening_hours":  "Mo-Fr 08:00-17:00"
                                                         },
                                            "cleaning_flag":  "KEEP_REVIEWED",
                                            "ors_label":  null,
                                            "ors_confidence":  null,
                                            "ors_locality":  null,
                                            "ors_borough":  null,
                                            "ors_region":  null,
                                            "ors_county":  null,
                                            "ors_error":  null,
                                            "thesis_review_flag":  null
                                        },
                         "geometry":  {
                                          "type":  "Point",
                                          "coordinates":  [
                                                              121.4574875,
                                                              14.282347
                                                          ]
                                      }
                     },
                     {
                         "type":  "Feature",
                         "properties":  {
                                            "osm_type":  "way",
                                            "osm_id":  112448737,
                                            "name":  "Sampalocan Barangay Hall",
                                            "category":  "barangay_hall",
                                            "amenity":  "townhall",
                                            "healthcare":  null,
                                            "shop":  null,
                                            "office":  null,
                                            "operator":  null,
                                            "addr_full":  null,
                                            "addr_street":  "National Highway",
                                            "addr_barangay":  null,
                                            "phone":  null,
                                            "opening_hours":  null,
                                            "lat":  14.2683076,
                                            "lon":  121.4423298,
                                            "raw_tags":  {
                                                             "addr:city":  "Pagsanjan",
                                                             "addr:postcode":  "4008",
                                                             "addr:street":  "National Highway",
                                                             "amenity":  "townhall",
                                                             "building":  "yes",
                                                             "name":  "Sampalocan Barangay Hall",
                                                             "townhall:type":  "barangay"
                                                         },
                                            "cleaning_flag":  "KEEP_REVIEWED",
                                            "ors_label":  null,
                                            "ors_confidence":  null,
                                            "ors_locality":  null,
                                            "ors_borough":  null,
                                            "ors_region":  null,
                                            "ors_county":  null,
                                            "ors_error":  null,
                                            "thesis_review_flag":  null
                                        },
                         "geometry":  {
                                          "type":  "Point",
                                          "coordinates":  [
                                                              121.4423298,
                                                              14.2683076
                                                          ]
                                      }
                     },
                     {
                         "type":  "Feature",
                         "properties":  {
                                            "osm_type":  "node",
                                            "osm_id":  8061782840,
                                            "name":  "Jazmin Store",
                                            "category":  "market_food",
                                            "amenity":  null,
                                            "healthcare":  null,
                                            "shop":  "general",
                                            "office":  null,
                                            "operator":  null,
                                            "addr_full":  null,
                                            "addr_street":  null,
                                            "addr_barangay":  null,
                                            "phone":  null,
                                            "opening_hours":  null,
                                            "lat":  14.264831,
                                            "lon":  121.430508,
                                            "raw_tags":  {
                                                             "name":  "Jazmin Store",
                                                             "shop":  "general"
                                                         },
                                            "cleaning_flag":  "ADDED_FROM_ORS_VALIDATED",
                                            "ors_label":  "Jazmin Store, LG, Philippines",
                                            "ors_confidence":  0.9,
                                            "ors_locality":  null,
                                            "ors_borough":  null,
                                            "ors_region":  "Laguna",
                                            "ors_county":  "Pagsanjan",
                                            "ors_error":  null,
                                            "thesis_review_flag":  null
                                        },
                         "geometry":  {
                                          "type":  "Point",
                                          "coordinates":  [
                                                              121.430508,
                                                              14.264831
                                                          ]
                                      }
                     },
                     {
                         "type":  "Feature",
                         "properties":  {
                                            "osm_type":  "node",
                                            "osm_id":  8062133368,
                                            "name":  "Tindahan ni Albienne",
                                            "category":  "market_food",
                                            "amenity":  null,
                                            "healthcare":  null,
                                            "shop":  "general",
                                            "office":  null,
                                            "operator":  null,
                                            "addr_full":  null,
                                            "addr_street":  null,
                                            "addr_barangay":  null,
                                            "phone":  null,
                                            "opening_hours":  null,
                                            "lat":  14.265302,
                                            "lon":  121.429416,
                                            "raw_tags":  {
                                                             "name":  "Tindahan ni Albienne",
                                                             "shop":  "general"
                                                         },
                                            "cleaning_flag":  "ADDED_FROM_ORS_VALIDATED",
                                            "ors_label":  "Tindahan ni Albienne, LG, Philippines",
                                            "ors_confidence":  1,
                                            "ors_locality":  null,
                                            "ors_borough":  null,
                                            "ors_region":  "Laguna",
                                            "ors_county":  "Pagsanjan",
                                            "ors_error":  null,
                                            "thesis_review_flag":  null
                                        },
                         "geometry":  {
                                          "type":  "Point",
                                          "coordinates":  [
                                                              121.429416,
                                                              14.265302
                                                          ]
                                      }
                     },
                     {
                         "type":  "Feature",
                         "properties":  {
                                            "osm_type":  "node",
                                            "osm_id":  8064197869,
                                            "name":  "Pando",
                                            "category":  "market_food",
                                            "amenity":  null,
                                            "healthcare":  null,
                                            "shop":  "general",
                                            "office":  null,
                                            "operator":  null,
                                            "addr_full":  null,
                                            "addr_street":  null,
                                            "addr_barangay":  null,
                                            "phone":  null,
                                            "opening_hours":  null,
                                            "lat":  14.238927,
                                            "lon":  121.433783,
                                            "raw_tags":  {
                                                             "name":  "Pando",
                                                             "shop":  "general"
                                                         },
                                            "cleaning_flag":  "ADDED_FROM_ORS_VALIDATED",
                                            "ors_label":  "Pando, LG, Philippines",
                                            "ors_confidence":  1,
                                            "ors_locality":  null,
                                            "ors_borough":  null,
                                            "ors_region":  "Laguna",
                                            "ors_county":  "Pagsanjan",
                                            "ors_error":  null,
                                            "thesis_review_flag":  null
                                        },
                         "geometry":  {
                                          "type":  "Point",
                                          "coordinates":  [
                                                              121.433783,
                                                              14.238927
                                                          ]
                                      }
                     },
                     {
                         "type":  "Feature",
                         "properties":  {
                                            "osm_type":  "node",
                                            "osm_id":  8068002359,
                                            "name":  "Sacluti Store",
                                            "category":  "market_food",
                                            "amenity":  null,
                                            "healthcare":  null,
                                            "shop":  "general",
                                            "office":  null,
                                            "operator":  null,
                                            "addr_full":  null,
                                            "addr_street":  null,
                                            "addr_barangay":  null,
                                            "phone":  null,
                                            "opening_hours":  null,
                                            "lat":  14.241289,
                                            "lon":  121.434061,
                                            "raw_tags":  {
                                                             "name":  "Sacluti Store",
                                                             "shop":  "general"
                                                         },
                                            "cleaning_flag":  "ADDED_FROM_ORS_VALIDATED",
                                            "ors_label":  "Sacluti Store, LG, Philippines",
                                            "ors_confidence":  1,
                                            "ors_locality":  null,
                                            "ors_borough":  null,
                                            "ors_region":  "Laguna",
                                            "ors_county":  "Pagsanjan",
                                            "ors_error":  null,
                                            "thesis_review_flag":  null
                                        },
                         "geometry":  {
                                          "type":  "Point",
                                          "coordinates":  [
                                                              121.434061,
                                                              14.241289
                                                          ]
                                      }
                     },
                     {
                         "type":  "Feature",
                         "properties":  {
                                            "osm_type":  "node",
                                            "osm_id":  8074622132,
                                            "name":  "Seramin Store\u0027",
                                            "category":  "market_food",
                                            "amenity":  null,
                                            "healthcare":  null,
                                            "shop":  "general",
                                            "office":  null,
                                            "operator":  null,
                                            "addr_full":  null,
                                            "addr_street":  null,
                                            "addr_barangay":  null,
                                            "phone":  null,
                                            "opening_hours":  null,
                                            "lat":  14.261061,
                                            "lon":  121.437535,
                                            "raw_tags":  {
                                                             "name":  "Seramin Store\u0027",
                                                             "shop":  "general"
                                                         },
                                            "cleaning_flag":  "ADDED_FROM_ORS_VALIDATED",
                                            "ors_label":  "Seramin Store, LG, Philippines",
                                            "ors_confidence":  1,
                                            "ors_locality":  null,
                                            "ors_borough":  null,
                                            "ors_region":  "Laguna",
                                            "ors_county":  "Pagsanjan",
                                            "ors_error":  null,
                                            "thesis_review_flag":  null
                                        },
                         "geometry":  {
                                          "type":  "Point",
                                          "coordinates":  [
                                                              121.437535,
                                                              14.261061
                                                          ]
                                      }
                     },
                     {
                         "type":  "Feature",
                         "properties":  {
                                            "osm_type":  "way",
                                            "osm_id":  32973159,
                                            "name":  "Pagsanjan Municipal Hall",
                                            "category":  "government_office",
                                            "amenity":  "townhall",
                                            "healthcare":  null,
                                            "shop":  null,
                                            "office":  null,
                                            "operator":  null,
                                            "addr_full":  null,
                                            "addr_street":  "General Taiño Street",
                                            "addr_barangay":  null,
                                            "phone":  null,
                                            "opening_hours":  null,
                                            "lat":  14.272469,
                                            "lon":  121.455792,
                                            "raw_tags":  {
                                                             "addr:city":  "Pagsanjan",
                                                             "addr:postcode":  "4008",
                                                             "addr:street":  "General Taiño Street",
                                                             "amenity":  "townhall",
                                                             "building":  "public",
                                                             "name":  "Pagsanjan Municipal Hall",
                                                             "start_date":  "1955",
                                                             "townhall:type":  "municipality",
                                                             "wikidata":  "Q18392259",
                                                             "wikimedia_commons":  "Category:Pagsanjan Town Hall",
                                                             "wikipedia":  "en:Pagsanjan Municipal Hall",
                                                             "wikipedia:en":  "Pagsanjan Municipal Hall"
                                                         },
                                            "cleaning_flag":  "ADDED_FROM_ORS_VALIDATED",
                                            "ors_label":  "Pagsanjan Municipal Hall, LG, Philippines",
                                            "ors_confidence":  1,
                                            "ors_locality":  null,
                                            "ors_borough":  null,
                                            "ors_region":  "Laguna",
                                            "ors_county":  "Pagsanjan",
                                            "ors_error":  null,
                                            "thesis_review_flag":  null
                                        },
                         "geometry":  {
                                          "type":  "Point",
                                          "coordinates":  [
                                                              121.455792,
                                                              14.272469
                                                          ]
                                      }
                     },
                     {
                         "type":  "Feature",
                         "properties":  {
                                            "osm_type":  "node",
                                            "osm_id":  1022296369,
                                            "name":  "Aling Taleng\u0027s Halo-Halo",
                                            "category":  "food",
                                            "amenity":  "fast_food",
                                            "healthcare":  null,
                                            "shop":  null,
                                            "office":  null,
                                            "operator":  null,
                                            "addr_full":  null,
                                            "addr_street":  null,
                                            "addr_barangay":  null,
                                            "phone":  null,
                                            "opening_hours":  null,
                                            "lat":  14.2710534,
                                            "lon":  121.455507,
                                            "raw_tags":  {
                                                             "addr:city":  "Pagsanjan",
                                                             "amenity":  "fast_food",
                                                             "cuisine":  "regional;halo_halo",
                                                             "name":  "Aling Taleng\u0027s Halo-Halo"
                                                         },
                                            "cleaning_flag":  null,
                                            "ors_label":  null,
                                            "ors_confidence":  null,
                                            "ors_locality":  null,
                                            "ors_borough":  null,
                                            "ors_region":  null,
                                            "ors_county":  null,
                                            "ors_error":  null,
                                            "thesis_review_flag":  null
                                        },
                         "geometry":  {
                                          "type":  "Point",
                                          "coordinates":  [
                                                              121.455507,
                                                              14.2710534
                                                          ]
                                      }
                     },
                     {
                         "type":  "Feature",
                         "properties":  {
                                            "osm_type":  "node",
                                            "osm_id":  1130821145,
                                            "name":  "United Church of Christ of the Philippines",
                                            "category":  "worship",
                                            "amenity":  "place_of_worship",
                                            "healthcare":  null,
                                            "shop":  null,
                                            "office":  null,
                                            "operator":  null,
                                            "addr_full":  null,
                                            "addr_street":  null,
                                            "addr_barangay":  null,
                                            "phone":  null,
                                            "opening_hours":  null,
                                            "lat":  14.2737437,
                                            "lon":  121.4545869,
                                            "raw_tags":  {
                                                             "amenity":  "place_of_worship",
                                                             "name":  "United Church of Christ of the Philippines",
                                                             "religion":  "christian"
                                                         },
                                            "cleaning_flag":  null,
                                            "ors_label":  null,
                                            "ors_confidence":  null,
                                            "ors_locality":  null,
                                            "ors_borough":  null,
                                            "ors_region":  null,
                                            "ors_county":  null,
                                            "ors_error":  null,
                                            "thesis_review_flag":  null
                                        },
                         "geometry":  {
                                          "type":  "Point",
                                          "coordinates":  [
                                                              121.4545869,
                                                              14.2737437
                                                          ]
                                      }
                     },
                     {
                         "type":  "Feature",
                         "properties":  {
                                            "osm_type":  "node",
                                            "osm_id":  1130834741,
                                            "name":  "Andok\u0027s",
                                            "category":  "food",
                                            "amenity":  "fast_food",
                                            "healthcare":  null,
                                            "shop":  null,
                                            "office":  null,
                                            "operator":  null,
                                            "addr_full":  null,
                                            "addr_street":  "J. P. Rizal Street",
                                            "addr_barangay":  null,
                                            "phone":  null,
                                            "opening_hours":  null,
                                            "lat":  14.2726312,
                                            "lon":  121.4552306,
                                            "raw_tags":  {
                                                             "addr:city":  "Pagsanjan",
                                                             "addr:postcode":  "4008",
                                                             "addr:street":  "J. P. Rizal Street",
                                                             "amenity":  "fast_food",
                                                             "brand":  "Andok\u0027s",
                                                             "brand:wikidata":  "Q62267166",
                                                             "cuisine":  "chicken",
                                                             "name":  "Andok\u0027s",
                                                             "takeaway":  "yes"
                                                         },
                                            "cleaning_flag":  null,
                                            "ors_label":  null,
                                            "ors_confidence":  null,
                                            "ors_locality":  null,
                                            "ors_borough":  null,
                                            "ors_region":  null,
                                            "ors_county":  null,
                                            "ors_error":  null,
                                            "thesis_review_flag":  null
                                        },
                         "geometry":  {
                                          "type":  "Point",
                                          "coordinates":  [
                                                              121.4552306,
                                                              14.2726312
                                                          ]
                                      }
                     },
                     {
                         "type":  "Feature",
                         "properties":  {
                                            "osm_type":  "node",
                                            "osm_id":  1130834742,
                                            "name":  "Hana Japanese Restaurant",
                                            "category":  "food",
                                            "amenity":  "restaurant",
                                            "healthcare":  null,
                                            "shop":  null,
                                            "office":  null,
                                            "operator":  null,
                                            "addr_full":  null,
                                            "addr_street":  "J. P. Rizal Street",
                                            "addr_barangay":  null,
                                            "phone":  null,
                                            "opening_hours":  null,
                                            "lat":  14.2699356,
                                            "lon":  121.4445663,
                                            "raw_tags":  {
                                                             "addr:city":  "Pagsanjan",
                                                             "addr:postcode":  "4008",
                                                             "addr:street":  "J. P. Rizal Street",
                                                             "amenity":  "restaurant",
                                                             "cuisine":  "japanese",
                                                             "name":  "Hana Japanese Restaurant"
                                                         },
                                            "cleaning_flag":  null,
                                            "ors_label":  null,
                                            "ors_confidence":  null,
                                            "ors_locality":  null,
                                            "ors_borough":  null,
                                            "ors_region":  null,
                                            "ors_county":  null,
                                            "ors_error":  null,
                                            "thesis_review_flag":  null
                                        },
                         "geometry":  {
                                          "type":  "Point",
                                          "coordinates":  [
                                                              121.4445663,
                                                              14.2699356
                                                          ]
                                      }
                     },
                     {
                         "type":  "Feature",
                         "properties":  {
                                            "osm_type":  "node",
                                            "osm_id":  1268923092,
                                            "name":  "Emin and Mila\u0027s Canteen",
                                            "category":  "food",
                                            "amenity":  "restaurant",
                                            "healthcare":  null,
                                            "shop":  null,
                                            "office":  null,
                                            "operator":  null,
                                            "addr_full":  null,
                                            "addr_street":  "J. P. Rizal Street",
                                            "addr_barangay":  null,
                                            "phone":  null,
                                            "opening_hours":  null,
                                            "lat":  14.2731303,
                                            "lon":  121.4541182,
                                            "raw_tags":  {
                                                             "addr:city":  "Pagsanjan",
                                                             "addr:postcode":  "4008",
                                                             "addr:street":  "J. P. Rizal Street",
                                                             "amenity":  "restaurant",
                                                             "cuisine":  "regional",
                                                             "name":  "Emin and Mila\u0027s Canteen",
                                                             "website":  "https://www.facebook.com/pages/Emin-and-Milas-Canteen/102104013204001?sk=wall"
                                                         },
                                            "cleaning_flag":  null,
                                            "ors_label":  null,
                                            "ors_confidence":  null,
                                            "ors_locality":  null,
                                            "ors_borough":  null,
                                            "ors_region":  null,
                                            "ors_county":  null,
                                            "ors_error":  null,
                                            "thesis_review_flag":  null
                                        },
                         "geometry":  {
                                          "type":  "Point",
                                          "coordinates":  [
                                                              121.4541182,
                                                              14.2731303
                                                          ]
                                      }
                     },
                     {
                         "type":  "Feature",
                         "properties":  {
                                            "osm_type":  "node",
                                            "osm_id":  1271651969,
                                            "name":  "Pico\u0027s Restaurant",
                                            "category":  "food",
                                            "amenity":  "restaurant",
                                            "healthcare":  null,
                                            "shop":  null,
                                            "office":  null,
                                            "operator":  null,
                                            "addr_full":  null,
                                            "addr_street":  "J. P. Rizal Street",
                                            "addr_barangay":  null,
                                            "phone":  null,
                                            "opening_hours":  null,
                                            "lat":  14.2733045,
                                            "lon":  121.4489222,
                                            "raw_tags":  {
                                                             "addr:city":  "Pagsanjan",
                                                             "addr:postcode":  "4008",
                                                             "addr:street":  "J. P. Rizal Street",
                                                             "amenity":  "restaurant",
                                                             "name":  "Pico\u0027s Restaurant"
                                                         },
                                            "cleaning_flag":  null,
                                            "ors_label":  null,
                                            "ors_confidence":  null,
                                            "ors_locality":  null,
                                            "ors_borough":  null,
                                            "ors_region":  null,
                                            "ors_county":  null,
                                            "ors_error":  null,
                                            "thesis_review_flag":  null
                                        },
                         "geometry":  {
                                          "type":  "Point",
                                          "coordinates":  [
                                                              121.4489222,
                                                              14.2733045
                                                          ]
                                      }
                     },
                     {
                         "type":  "Feature",
                         "properties":  {
                                            "osm_type":  "node",
                                            "osm_id":  1278037941,
                                            "name":  "Durafe",
                                            "category":  "food",
                                            "amenity":  "restaurant",
                                            "healthcare":  null,
                                            "shop":  null,
                                            "office":  null,
                                            "operator":  null,
                                            "addr_full":  null,
                                            "addr_street":  "General Taiño Street",
                                            "addr_barangay":  null,
                                            "phone":  null,
                                            "opening_hours":  null,
                                            "lat":  14.2740244,
                                            "lon":  121.4560811,
                                            "raw_tags":  {
                                                             "addr:city":  "Pagsanjan",
                                                             "addr:postcode":  "4008",
                                                             "addr:street":  "General Taiño Street",
                                                             "amenity":  "restaurant",
                                                             "name":  "Durafe"
                                                         },
                                            "cleaning_flag":  null,
                                            "ors_label":  null,
                                            "ors_confidence":  null,
                                            "ors_locality":  null,
                                            "ors_borough":  null,
                                            "ors_region":  null,
                                            "ors_county":  null,
                                            "ors_error":  null,
                                            "thesis_review_flag":  null
                                        },
                         "geometry":  {
                                          "type":  "Point",
                                          "coordinates":  [
                                                              121.4560811,
                                                              14.2740244
                                                          ]
                                      }
                     },
                     {
                         "type":  "Feature",
                         "properties":  {
                                            "osm_type":  "node",
                                            "osm_id":  1280853359,
                                            "name":  "Henlin",
                                            "category":  "food",
                                            "amenity":  "fast_food",
                                            "healthcare":  null,
                                            "shop":  null,
                                            "office":  null,
                                            "operator":  null,
                                            "addr_full":  null,
                                            "addr_street":  "J. P. Rizal Street",
                                            "addr_barangay":  null,
                                            "phone":  null,
                                            "opening_hours":  null,
                                            "lat":  14.2712313,
                                            "lon":  121.4456531,
                                            "raw_tags":  {
                                                             "addr:city":  "Pagsanjan",
                                                             "addr:postcode":  "4008",
                                                             "addr:street":  "J. P. Rizal Street",
                                                             "amenity":  "fast_food",
                                                             "cuisine":  "chinese",
                                                             "name":  "Henlin"
                                                         },
                                            "cleaning_flag":  null,
                                            "ors_label":  null,
                                            "ors_confidence":  null,
                                            "ors_locality":  null,
                                            "ors_borough":  null,
                                            "ors_region":  null,
                                            "ors_county":  null,
                                            "ors_error":  null,
                                            "thesis_review_flag":  null
                                        },
                         "geometry":  {
                                          "type":  "Point",
                                          "coordinates":  [
                                                              121.4456531,
                                                              14.2712313
                                                          ]
                                      }
                     },
                     {
                         "type":  "Feature",
                         "properties":  {
                                            "osm_type":  "node",
                                            "osm_id":  1291267084,
                                            "name":  "San Isidro Chapel",
                                            "category":  "worship",
                                            "amenity":  "place_of_worship",
                                            "healthcare":  null,
                                            "shop":  null,
                                            "office":  null,
                                            "operator":  null,
                                            "addr_full":  null,
                                            "addr_street":  null,
                                            "addr_barangay":  null,
                                            "phone":  null,
                                            "opening_hours":  null,
                                            "lat":  14.2780139,
                                            "lon":  121.4569332,
                                            "raw_tags":  {
                                                             "amenity":  "place_of_worship",
                                                             "denomination":  "roman_catholic",
                                                             "name":  "San Isidro Chapel",
                                                             "religion":  "christian"
                                                         },
                                            "cleaning_flag":  null,
                                            "ors_label":  null,
                                            "ors_confidence":  null,
                                            "ors_locality":  null,
                                            "ors_borough":  null,
                                            "ors_region":  null,
                                            "ors_county":  null,
                                            "ors_error":  null,
                                            "thesis_review_flag":  null
                                        },
                         "geometry":  {
                                          "type":  "Point",
                                          "coordinates":  [
                                                              121.4569332,
                                                              14.2780139
                                                          ]
                                      }
                     },
                     {
                         "type":  "Feature",
                         "properties":  {
                                            "osm_type":  "node",
                                            "osm_id":  1315742916,
                                            "name":  "Calle Arco",
                                            "category":  "food",
                                            "amenity":  "restaurant",
                                            "healthcare":  null,
                                            "shop":  null,
                                            "office":  null,
                                            "operator":  null,
                                            "addr_full":  null,
                                            "addr_street":  "J. P. Rizal Street",
                                            "addr_barangay":  null,
                                            "phone":  null,
                                            "opening_hours":  null,
                                            "lat":  14.2731482,
                                            "lon":  121.4532381,
                                            "raw_tags":  {
                                                             "addr:city":  "Pagsanjan",
                                                             "addr:postcode":  "4008",
                                                             "addr:street":  "J. P. Rizal Street",
                                                             "amenity":  "restaurant",
                                                             "name":  "Calle Arco"
                                                         },
                                            "cleaning_flag":  null,
                                            "ors_label":  null,
                                            "ors_confidence":  null,
                                            "ors_locality":  null,
                                            "ors_borough":  null,
                                            "ors_region":  null,
                                            "ors_county":  null,
                                            "ors_error":  null,
                                            "thesis_review_flag":  null
                                        },
                         "geometry":  {
                                          "type":  "Point",
                                          "coordinates":  [
                                                              121.4532381,
                                                              14.2731482
                                                          ]
                                      }
                     },
                     {
                         "type":  "Feature",
                         "properties":  {
                                            "osm_type":  "node",
                                            "osm_id":  1340724307,
                                            "name":  "True Freedom in Christ Church",
                                            "category":  "worship",
                                            "amenity":  "place_of_worship",
                                            "healthcare":  null,
                                            "shop":  null,
                                            "office":  null,
                                            "operator":  null,
                                            "addr_full":  null,
                                            "addr_street":  null,
                                            "addr_barangay":  null,
                                            "phone":  null,
                                            "opening_hours":  null,
                                            "lat":  14.2640272,
                                            "lon":  121.4366849,
                                            "raw_tags":  {
                                                             "amenity":  "place_of_worship",
                                                             "name":  "True Freedom in Christ Church",
                                                             "source":  "Bing"
                                                         },
                                            "cleaning_flag":  null,
                                            "ors_label":  null,
                                            "ors_confidence":  null,
                                            "ors_locality":  null,
                                            "ors_borough":  null,
                                            "ors_region":  null,
                                            "ors_county":  null,
                                            "ors_error":  null,
                                            "thesis_review_flag":  null
                                        },
                         "geometry":  {
                                          "type":  "Point",
                                          "coordinates":  [
                                                              121.4366849,
                                                              14.2640272
                                                          ]
                                      }
                     },
                     {
                         "type":  "Feature",
                         "properties":  {
                                            "osm_type":  "node",
                                            "osm_id":  2241959689,
                                            "name":  "Crizin Eatery",
                                            "category":  "food",
                                            "amenity":  "restaurant",
                                            "healthcare":  null,
                                            "shop":  null,
                                            "office":  null,
                                            "operator":  null,
                                            "addr_full":  null,
                                            "addr_street":  "National Highway",
                                            "addr_barangay":  null,
                                            "phone":  null,
                                            "opening_hours":  null,
                                            "lat":  14.2648233,
                                            "lon":  121.4305597,
                                            "raw_tags":  {
                                                             "addr:city":  "Pagsanjan",
                                                             "addr:postcode":  "4008",
                                                             "addr:street":  "National Highway",
                                                             "amenity":  "restaurant",
                                                             "name":  "Crizin Eatery"
                                                         },
                                            "cleaning_flag":  null,
                                            "ors_label":  null,
                                            "ors_confidence":  null,
                                            "ors_locality":  null,
                                            "ors_borough":  null,
                                            "ors_region":  null,
                                            "ors_county":  null,
                                            "ors_error":  null,
                                            "thesis_review_flag":  null
                                        },
                         "geometry":  {
                                          "type":  "Point",
                                          "coordinates":  [
                                                              121.4305597,
                                                              14.2648233
                                                          ]
                                      }
                     },
                     {
                         "type":  "Feature",
                         "properties":  {
                                            "osm_type":  "node",
                                            "osm_id":  3017322509,
                                            "name":  "YAng Chow",
                                            "category":  "food",
                                            "amenity":  "restaurant",
                                            "healthcare":  null,
                                            "shop":  null,
                                            "office":  null,
                                            "operator":  null,
                                            "addr_full":  null,
                                            "addr_street":  null,
                                            "addr_barangay":  null,
                                            "phone":  null,
                                            "opening_hours":  null,
                                            "lat":  14.2654836,
                                            "lon":  121.439497,
                                            "raw_tags":  {
                                                             "amenity":  "restaurant",
                                                             "cuisine":  "chinese",
                                                             "name":  "YAng Chow"
                                                         },
                                            "cleaning_flag":  null,
                                            "ors_label":  null,
                                            "ors_confidence":  null,
                                            "ors_locality":  null,
                                            "ors_borough":  null,
                                            "ors_region":  null,
                                            "ors_county":  null,
                                            "ors_error":  null,
                                            "thesis_review_flag":  null
                                        },
                         "geometry":  {
                                          "type":  "Point",
                                          "coordinates":  [
                                                              121.439497,
                                                              14.2654836
                                                          ]
                                      }
                     },
                     {
                         "type":  "Feature",
                         "properties":  {
                                            "osm_type":  "node",
                                            "osm_id":  7083405985,
                                            "name":  "Jollibee",
                                            "category":  "food",
                                            "amenity":  "fast_food",
                                            "healthcare":  null,
                                            "shop":  null,
                                            "office":  null,
                                            "operator":  null,
                                            "addr_full":  null,
                                            "addr_street":  null,
                                            "addr_barangay":  null,
                                            "phone":  null,
                                            "opening_hours":  null,
                                            "lat":  14.2725093,
                                            "lon":  121.4554079,
                                            "raw_tags":  {
                                                             "amenity":  "fast_food",
                                                             "brand":  "Jollibee",
                                                             "brand:wikidata":  "Q37614",
                                                             "cuisine":  "burger",
                                                             "name":  "Jollibee",
                                                             "takeaway":  "yes"
                                                         },
                                            "cleaning_flag":  null,
                                            "ors_label":  null,
                                            "ors_confidence":  null,
                                            "ors_locality":  null,
                                            "ors_borough":  null,
                                            "ors_region":  null,
                                            "ors_county":  null,
                                            "ors_error":  null,
                                            "thesis_review_flag":  null
                                        },
                         "geometry":  {
                                          "type":  "Point",
                                          "coordinates":  [
                                                              121.4554079,
                                                              14.2725093
                                                          ]
                                      }
                     },
                     {
                         "type":  "Feature",
                         "properties":  {
                                            "osm_type":  "node",
                                            "osm_id":  8058970520,
                                            "name":  "Lot\u0027s A Pizza",
                                            "category":  "food",
                                            "amenity":  "fast_food",
                                            "healthcare":  null,
                                            "shop":  null,
                                            "office":  null,
                                            "operator":  null,
                                            "addr_full":  null,
                                            "addr_street":  null,
                                            "addr_barangay":  null,
                                            "phone":  null,
                                            "opening_hours":  null,
                                            "lat":  14.2651126,
                                            "lon":  121.4391684,
                                            "raw_tags":  {
                                                             "amenity":  "fast_food",
                                                             "cuisine":  "pizza",
                                                             "name":  "Lot\u0027s A Pizza"
                                                         },
                                            "cleaning_flag":  null,
                                            "ors_label":  null,
                                            "ors_confidence":  null,
                                            "ors_locality":  null,
                                            "ors_borough":  null,
                                            "ors_region":  null,
                                            "ors_county":  null,
                                            "ors_error":  null,
                                            "thesis_review_flag":  null
                                        },
                         "geometry":  {
                                          "type":  "Point",
                                          "coordinates":  [
                                                              121.4391684,
                                                              14.2651126
                                                          ]
                                      }
                     },
                     {
                         "type":  "Feature",
                         "properties":  {
                                            "osm_type":  "node",
                                            "osm_id":  8058970521,
                                            "name":  "Phugz Chicken Inasal and Bulalo",
                                            "category":  "food",
                                            "amenity":  "restaurant",
                                            "healthcare":  null,
                                            "shop":  null,
                                            "office":  null,
                                            "operator":  null,
                                            "addr_full":  null,
                                            "addr_street":  null,
                                            "addr_barangay":  null,
                                            "phone":  null,
                                            "opening_hours":  null,
                                            "lat":  14.2650397,
                                            "lon":  121.439174,
                                            "raw_tags":  {
                                                             "amenity":  "restaurant",
                                                             "name":  "Phugz Chicken Inasal and Bulalo"
                                                         },
                                            "cleaning_flag":  null,
                                            "ors_label":  null,
                                            "ors_confidence":  null,
                                            "ors_locality":  null,
                                            "ors_borough":  null,
                                            "ors_region":  null,
                                            "ors_county":  null,
                                            "ors_error":  null,
                                            "thesis_review_flag":  null
                                        },
                         "geometry":  {
                                          "type":  "Point",
                                          "coordinates":  [
                                                              121.439174,
                                                              14.2650397
                                                          ]
                                      }
                     },
                     {
                         "type":  "Feature",
                         "properties":  {
                                            "osm_type":  "node",
                                            "osm_id":  8058970522,
                                            "name":  "Uncle Cheffy\u0027s",
                                            "category":  "food",
                                            "amenity":  "restaurant",
                                            "healthcare":  null,
                                            "shop":  null,
                                            "office":  null,
                                            "operator":  null,
                                            "addr_full":  null,
                                            "addr_street":  null,
                                            "addr_barangay":  null,
                                            "phone":  null,
                                            "opening_hours":  null,
                                            "lat":  14.2654604,
                                            "lon":  121.439336,
                                            "raw_tags":  {
                                                             "amenity":  "restaurant",
                                                             "name":  "Uncle Cheffy\u0027s"
                                                         },
                                            "cleaning_flag":  null,
                                            "ors_label":  null,
                                            "ors_confidence":  null,
                                            "ors_locality":  null,
                                            "ors_borough":  null,
                                            "ors_region":  null,
                                            "ors_county":  null,
                                            "ors_error":  null,
                                            "thesis_review_flag":  null
                                        },
                         "geometry":  {
                                          "type":  "Point",
                                          "coordinates":  [
                                                              121.439336,
                                                              14.2654604
                                                          ]
                                      }
                     },
                     {
                         "type":  "Feature",
                         "properties":  {
                                            "osm_type":  "node",
                                            "osm_id":  8061768221,
                                            "name":  "RCP Snack Haus",
                                            "category":  "food",
                                            "amenity":  "restaurant",
                                            "healthcare":  null,
                                            "shop":  null,
                                            "office":  null,
                                            "operator":  null,
                                            "addr_full":  null,
                                            "addr_street":  null,
                                            "addr_barangay":  null,
                                            "phone":  null,
                                            "opening_hours":  null,
                                            "lat":  14.2649024,
                                            "lon":  121.4301551,
                                            "raw_tags":  {
                                                             "amenity":  "restaurant",
                                                             "name":  "RCP Snack Haus"
                                                         },
                                            "cleaning_flag":  null,
                                            "ors_label":  null,
                                            "ors_confidence":  null,
                                            "ors_locality":  null,
                                            "ors_borough":  null,
                                            "ors_region":  null,
                                            "ors_county":  null,
                                            "ors_error":  null,
                                            "thesis_review_flag":  null
                                        },
                         "geometry":  {
                                          "type":  "Point",
                                          "coordinates":  [
                                                              121.4301551,
                                                              14.2649024
                                                          ]
                                      }
                     },
                     {
                         "type":  "Feature",
                         "properties":  {
                                            "osm_type":  "node",
                                            "osm_id":  8061768226,
                                            "name":  "Riezel Binalot",
                                            "category":  "food",
                                            "amenity":  "restaurant",
                                            "healthcare":  null,
                                            "shop":  null,
                                            "office":  null,
                                            "operator":  null,
                                            "addr_full":  null,
                                            "addr_street":  null,
                                            "addr_barangay":  null,
                                            "phone":  null,
                                            "opening_hours":  null,
                                            "lat":  14.2649063,
                                            "lon":  121.4301182,
                                            "raw_tags":  {
                                                             "amenity":  "restaurant",
                                                             "name":  "Riezel Binalot"
                                                         },
                                            "cleaning_flag":  null,
                                            "ors_label":  null,
                                            "ors_confidence":  null,
                                            "ors_locality":  null,
                                            "ors_borough":  null,
                                            "ors_region":  null,
                                            "ors_county":  null,
                                            "ors_error":  null,
                                            "thesis_review_flag":  null
                                        },
                         "geometry":  {
                                          "type":  "Point",
                                          "coordinates":  [
                                                              121.4301182,
                                                              14.2649063
                                                          ]
                                      }
                     },
                     {
                         "type":  "Feature",
                         "properties":  {
                                            "osm_type":  "node",
                                            "osm_id":  8061782841,
                                            "name":  "Pia\u0027s Eatery and Special Pancit",
                                            "category":  "food",
                                            "amenity":  "restaurant",
                                            "healthcare":  null,
                                            "shop":  null,
                                            "office":  null,
                                            "operator":  null,
                                            "addr_full":  null,
                                            "addr_street":  null,
                                            "addr_barangay":  null,
                                            "phone":  null,
                                            "opening_hours":  null,
                                            "lat":  14.2650023,
                                            "lon":  121.4309623,
                                            "raw_tags":  {
                                                             "amenity":  "restaurant",
                                                             "name":  "Pia\u0027s Eatery and Special Pancit"
                                                         },
                                            "cleaning_flag":  null,
                                            "ors_label":  null,
                                            "ors_confidence":  null,
                                            "ors_locality":  null,
                                            "ors_borough":  null,
                                            "ors_region":  null,
                                            "ors_county":  null,
                                            "ors_error":  null,
                                            "thesis_review_flag":  null
                                        },
                         "geometry":  {
                                          "type":  "Point",
                                          "coordinates":  [
                                                              121.4309623,
                                                              14.2650023
                                                          ]
                                      }
                     },
                     {
                         "type":  "Feature",
                         "properties":  {
                                            "osm_type":  "node",
                                            "osm_id":  8062133352,
                                            "name":  "Dhayo",
                                            "category":  "food",
                                            "amenity":  "restaurant",
                                            "healthcare":  null,
                                            "shop":  null,
                                            "office":  null,
                                            "operator":  null,
                                            "addr_full":  null,
                                            "addr_street":  null,
                                            "addr_barangay":  null,
                                            "phone":  null,
                                            "opening_hours":  null,
                                            "lat":  14.2651625,
                                            "lon":  121.4300218,
                                            "raw_tags":  {
                                                             "amenity":  "restaurant",
                                                             "name":  "Dhayo"
                                                         },
                                            "cleaning_flag":  null,
                                            "ors_label":  null,
                                            "ors_confidence":  null,
                                            "ors_locality":  null,
                                            "ors_borough":  null,
                                            "ors_region":  null,
                                            "ors_county":  null,
                                            "ors_error":  null,
                                            "thesis_review_flag":  null
                                        },
                         "geometry":  {
                                          "type":  "Point",
                                          "coordinates":  [
                                                              121.4300218,
                                                              14.2651625
                                                          ]
                                      }
                     },
                     {
                         "type":  "Feature",
                         "properties":  {
                                            "osm_type":  "node",
                                            "osm_id":  8062275311,
                                            "name":  "Turks",
                                            "category":  "food",
                                            "amenity":  "fast_food",
                                            "healthcare":  null,
                                            "shop":  null,
                                            "office":  null,
                                            "operator":  null,
                                            "addr_full":  null,
                                            "addr_street":  null,
                                            "addr_barangay":  null,
                                            "phone":  null,
                                            "opening_hours":  null,
                                            "lat":  14.2650664,
                                            "lon":  121.4392836,
                                            "raw_tags":  {
                                                             "amenity":  "fast_food",
                                                             "cuisine":  "kebab",
                                                             "name":  "Turks"
                                                         },
                                            "cleaning_flag":  null,
                                            "ors_label":  null,
                                            "ors_confidence":  null,
                                            "ors_locality":  null,
                                            "ors_borough":  null,
                                            "ors_region":  null,
                                            "ors_county":  null,
                                            "ors_error":  null,
                                            "thesis_review_flag":  null
                                        },
                         "geometry":  {
                                          "type":  "Point",
                                          "coordinates":  [
                                                              121.4392836,
                                                              14.2650664
                                                          ]
                                      }
                     },
                     {
                         "type":  "Feature",
                         "properties":  {
                                            "osm_type":  "node",
                                            "osm_id":  8062926207,
                                            "name":  "St. Joseph Chapel",
                                            "category":  "worship",
                                            "amenity":  "place_of_worship",
                                            "healthcare":  null,
                                            "shop":  null,
                                            "office":  null,
                                            "operator":  null,
                                            "addr_full":  null,
                                            "addr_street":  null,
                                            "addr_barangay":  null,
                                            "phone":  null,
                                            "opening_hours":  null,
                                            "lat":  14.2652048,
                                            "lon":  121.4284837,
                                            "raw_tags":  {
                                                             "amenity":  "place_of_worship",
                                                             "name":  "St. Joseph Chapel",
                                                             "religion":  "christian"
                                                         },
                                            "cleaning_flag":  null,
                                            "ors_label":  null,
                                            "ors_confidence":  null,
                                            "ors_locality":  null,
                                            "ors_borough":  null,
                                            "ors_region":  null,
                                            "ors_county":  null,
                                            "ors_error":  null,
                                            "thesis_review_flag":  null
                                        },
                         "geometry":  {
                                          "type":  "Point",
                                          "coordinates":  [
                                                              121.4284837,
                                                              14.2652048
                                                          ]
                                      }
                     },
                     {
                         "type":  "Feature",
                         "properties":  {
                                            "osm_type":  "node",
                                            "osm_id":  8062926211,
                                            "name":  null,
                                            "category":  "food",
                                            "amenity":  "restaurant",
                                            "healthcare":  null,
                                            "shop":  null,
                                            "office":  null,
                                            "operator":  null,
                                            "addr_full":  null,
                                            "addr_street":  null,
                                            "addr_barangay":  null,
                                            "phone":  null,
                                            "opening_hours":  null,
                                            "lat":  14.2650709,
                                            "lon":  121.4288844,
                                            "raw_tags":  {
                                                             "amenity":  "restaurant"
                                                         },
                                            "cleaning_flag":  null,
                                            "ors_label":  null,
                                            "ors_confidence":  null,
                                            "ors_locality":  null,
                                            "ors_borough":  null,
                                            "ors_region":  null,
                                            "ors_county":  null,
                                            "ors_error":  null,
                                            "thesis_review_flag":  "NAME_MISSING"
                                        },
                         "geometry":  {
                                          "type":  "Point",
                                          "coordinates":  [
                                                              121.4288844,
                                                              14.2650709
                                                          ]
                                      }
                     },
                     {
                         "type":  "Feature",
                         "properties":  {
                                            "osm_type":  "node",
                                            "osm_id":  8062926217,
                                            "name":  "Janna\u0027s 2 Eatery",
                                            "category":  "food",
                                            "amenity":  "restaurant",
                                            "healthcare":  null,
                                            "shop":  null,
                                            "office":  null,
                                            "operator":  null,
                                            "addr_full":  null,
                                            "addr_street":  null,
                                            "addr_barangay":  null,
                                            "phone":  null,
                                            "opening_hours":  null,
                                            "lat":  14.2647367,
                                            "lon":  121.4311558,
                                            "raw_tags":  {
                                                             "amenity":  "restaurant",
                                                             "name":  "Janna\u0027s 2 Eatery"
                                                         },
                                            "cleaning_flag":  null,
                                            "ors_label":  null,
                                            "ors_confidence":  null,
                                            "ors_locality":  null,
                                            "ors_borough":  null,
                                            "ors_region":  null,
                                            "ors_county":  null,
                                            "ors_error":  null,
                                            "thesis_review_flag":  null
                                        },
                         "geometry":  {
                                          "type":  "Point",
                                          "coordinates":  [
                                                              121.4311558,
                                                              14.2647367
                                                          ]
                                      }
                     },
                     {
                         "type":  "Feature",
                         "properties":  {
                                            "osm_type":  "node",
                                            "osm_id":  8064001111,
                                            "name":  "Mamita\u0027s",
                                            "category":  "food",
                                            "amenity":  "restaurant",
                                            "healthcare":  null,
                                            "shop":  null,
                                            "office":  null,
                                            "operator":  null,
                                            "addr_full":  null,
                                            "addr_street":  null,
                                            "addr_barangay":  null,
                                            "phone":  null,
                                            "opening_hours":  null,
                                            "lat":  14.2650043,
                                            "lon":  121.4357223,
                                            "raw_tags":  {
                                                             "amenity":  "restaurant",
                                                             "cuisine":  "noodle",
                                                             "name":  "Mamita\u0027s"
                                                         },
                                            "cleaning_flag":  null,
                                            "ors_label":  null,
                                            "ors_confidence":  null,
                                            "ors_locality":  null,
                                            "ors_borough":  null,
                                            "ors_region":  null,
                                            "ors_county":  null,
                                            "ors_error":  null,
                                            "thesis_review_flag":  null
                                        },
                         "geometry":  {
                                          "type":  "Point",
                                          "coordinates":  [
                                                              121.4357223,
                                                              14.2650043
                                                          ]
                                      }
                     },
                     {
                         "type":  "Feature",
                         "properties":  {
                                            "osm_type":  "node",
                                            "osm_id":  8064063736,
                                            "name":  "Joyful Mission Church",
                                            "category":  "worship",
                                            "amenity":  "place_of_worship",
                                            "healthcare":  null,
                                            "shop":  null,
                                            "office":  null,
                                            "operator":  null,
                                            "addr_full":  null,
                                            "addr_street":  null,
                                            "addr_barangay":  null,
                                            "phone":  null,
                                            "opening_hours":  null,
                                            "lat":  14.2563569,
                                            "lon":  121.4366197,
                                            "raw_tags":  {
                                                             "amenity":  "place_of_worship",
                                                             "name":  "Joyful Mission Church",
                                                             "religion":  "christian"
                                                         },
                                            "cleaning_flag":  null,
                                            "ors_label":  null,
                                            "ors_confidence":  null,
                                            "ors_locality":  null,
                                            "ors_borough":  null,
                                            "ors_region":  null,
                                            "ors_county":  null,
                                            "ors_error":  null,
                                            "thesis_review_flag":  null
                                        },
                         "geometry":  {
                                          "type":  "Point",
                                          "coordinates":  [
                                                              121.4366197,
                                                              14.2563569
                                                          ]
                                      }
                     },
                     {
                         "type":  "Feature",
                         "properties":  {
                                            "osm_type":  "node",
                                            "osm_id":  8064079896,
                                            "name":  null,
                                            "category":  "worship",
                                            "amenity":  "place_of_worship",
                                            "healthcare":  null,
                                            "shop":  null,
                                            "office":  null,
                                            "operator":  null,
                                            "addr_full":  null,
                                            "addr_street":  null,
                                            "addr_barangay":  null,
                                            "phone":  null,
                                            "opening_hours":  null,
                                            "lat":  14.2532137,
                                            "lon":  121.435086,
                                            "raw_tags":  {
                                                             "amenity":  "place_of_worship",
                                                             "religion":  "christian"
                                                         },
                                            "cleaning_flag":  null,
                                            "ors_label":  null,
                                            "ors_confidence":  null,
                                            "ors_locality":  null,
                                            "ors_borough":  null,
                                            "ors_region":  null,
                                            "ors_county":  null,
                                            "ors_error":  null,
                                            "thesis_review_flag":  "NAME_MISSING"
                                        },
                         "geometry":  {
                                          "type":  "Point",
                                          "coordinates":  [
                                                              121.435086,
                                                              14.2532137
                                                          ]
                                      }
                     },
                     {
                         "type":  "Feature",
                         "properties":  {
                                            "osm_type":  "node",
                                            "osm_id":  8064187013,
                                            "name":  "Ebenezer Gospel Church",
                                            "category":  "worship",
                                            "amenity":  "place_of_worship",
                                            "healthcare":  null,
                                            "shop":  null,
                                            "office":  null,
                                            "operator":  null,
                                            "addr_full":  null,
                                            "addr_street":  null,
                                            "addr_barangay":  null,
                                            "phone":  null,
                                            "opening_hours":  null,
                                            "lat":  14.2459393,
                                            "lon":  121.4342228,
                                            "raw_tags":  {
                                                             "amenity":  "place_of_worship",
                                                             "name":  "Ebenezer Gospel Church",
                                                             "religion":  "christian"
                                                         },
                                            "cleaning_flag":  null,
                                            "ors_label":  null,
                                            "ors_confidence":  null,
                                            "ors_locality":  null,
                                            "ors_borough":  null,
                                            "ors_region":  null,
                                            "ors_county":  null,
                                            "ors_error":  null,
                                            "thesis_review_flag":  null
                                        },
                         "geometry":  {
                                          "type":  "Point",
                                          "coordinates":  [
                                                              121.4342228,
                                                              14.2459393
                                                          ]
                                      }
                     },
                     {
                         "type":  "Feature",
                         "properties":  {
                                            "osm_type":  "node",
                                            "osm_id":  8064187014,
                                            "name":  "San Roque Catholic Chapel",
                                            "category":  "worship",
                                            "amenity":  "place_of_worship",
                                            "healthcare":  null,
                                            "shop":  null,
                                            "office":  null,
                                            "operator":  null,
                                            "addr_full":  null,
                                            "addr_street":  null,
                                            "addr_barangay":  null,
                                            "phone":  null,
                                            "opening_hours":  null,
                                            "lat":  14.2450885,
                                            "lon":  121.434135,
                                            "raw_tags":  {
                                                             "amenity":  "place_of_worship",
                                                             "name":  "San Roque Catholic Chapel",
                                                             "religion":  "christian"
                                                         },
                                            "cleaning_flag":  null,
                                            "ors_label":  null,
                                            "ors_confidence":  null,
                                            "ors_locality":  null,
                                            "ors_borough":  null,
                                            "ors_region":  null,
                                            "ors_county":  null,
                                            "ors_error":  null,
                                            "thesis_review_flag":  null
                                        },
                         "geometry":  {
                                          "type":  "Point",
                                          "coordinates":  [
                                                              121.434135,
                                                              14.2450885
                                                          ]
                                      }
                     },
                     {
                         "type":  "Feature",
                         "properties":  {
                                            "osm_type":  "node",
                                            "osm_id":  8064197872,
                                            "name":  "Fatty with Double Chin",
                                            "category":  "food",
                                            "amenity":  "fast_food",
                                            "healthcare":  null,
                                            "shop":  null,
                                            "office":  null,
                                            "operator":  null,
                                            "addr_full":  null,
                                            "addr_street":  null,
                                            "addr_barangay":  null,
                                            "phone":  null,
                                            "opening_hours":  null,
                                            "lat":  14.2379404,
                                            "lon":  121.4333068,
                                            "raw_tags":  {
                                                             "amenity":  "fast_food",
                                                             "name":  "Fatty with Double Chin"
                                                         },
                                            "cleaning_flag":  null,
                                            "ors_label":  null,
                                            "ors_confidence":  null,
                                            "ors_locality":  null,
                                            "ors_borough":  null,
                                            "ors_region":  null,
                                            "ors_county":  null,
                                            "ors_error":  null,
                                            "thesis_review_flag":  null
                                        },
                         "geometry":  {
                                          "type":  "Point",
                                          "coordinates":  [
                                                              121.4333068,
                                                              14.2379404
                                                          ]
                                      }
                     },
                     {
                         "type":  "Feature",
                         "properties":  {
                                            "osm_type":  "node",
                                            "osm_id":  8064208432,
                                            "name":  "Lugaw Ka Ba?",
                                            "category":  "food",
                                            "amenity":  "restaurant",
                                            "healthcare":  null,
                                            "shop":  null,
                                            "office":  null,
                                            "operator":  null,
                                            "addr_full":  null,
                                            "addr_street":  null,
                                            "addr_barangay":  null,
                                            "phone":  null,
                                            "opening_hours":  null,
                                            "lat":  14.2408168,
                                            "lon":  121.4339763,
                                            "raw_tags":  {
                                                             "amenity":  "restaurant",
                                                             "cuisine":  "noodle",
                                                             "name":  "Lugaw Ka Ba?"
                                                         },
                                            "cleaning_flag":  null,
                                            "ors_label":  null,
                                            "ors_confidence":  null,
                                            "ors_locality":  null,
                                            "ors_borough":  null,
                                            "ors_region":  null,
                                            "ors_county":  null,
                                            "ors_error":  null,
                                            "thesis_review_flag":  null
                                        },
                         "geometry":  {
                                          "type":  "Point",
                                          "coordinates":  [
                                                              121.4339763,
                                                              14.2408168
                                                          ]
                                      }
                     },
                     {
                         "type":  "Feature",
                         "properties":  {
                                            "osm_type":  "node",
                                            "osm_id":  8064208433,
                                            "name":  "Mak-Mak\u0027s Ihaw-ihaw",
                                            "category":  "food",
                                            "amenity":  "fast_food",
                                            "healthcare":  null,
                                            "shop":  null,
                                            "office":  null,
                                            "operator":  null,
                                            "addr_full":  null,
                                            "addr_street":  null,
                                            "addr_barangay":  null,
                                            "phone":  null,
                                            "opening_hours":  null,
                                            "lat":  14.2381318,
                                            "lon":  121.4319706,
                                            "raw_tags":  {
                                                             "amenity":  "fast_food",
                                                             "cuisine":  "kebab",
                                                             "name":  "Mak-Mak\u0027s Ihaw-ihaw"
                                                         },
                                            "cleaning_flag":  null,
                                            "ors_label":  null,
                                            "ors_confidence":  null,
                                            "ors_locality":  null,
                                            "ors_borough":  null,
                                            "ors_region":  null,
                                            "ors_county":  null,
                                            "ors_error":  null,
                                            "thesis_review_flag":  null
                                        },
                         "geometry":  {
                                          "type":  "Point",
                                          "coordinates":  [
                                                              121.4319706,
                                                              14.2381318
                                                          ]
                                      }
                     },
                     {
                         "type":  "Feature",
                         "properties":  {
                                            "osm_type":  "node",
                                            "osm_id":  8064253540,
                                            "name":  "Jesus the Way of Salvation",
                                            "category":  "worship",
                                            "amenity":  "place_of_worship",
                                            "healthcare":  null,
                                            "shop":  null,
                                            "office":  null,
                                            "operator":  null,
                                            "addr_full":  null,
                                            "addr_street":  null,
                                            "addr_barangay":  null,
                                            "phone":  null,
                                            "opening_hours":  null,
                                            "lat":  14.2459075,
                                            "lon":  121.4328386,
                                            "raw_tags":  {
                                                             "amenity":  "place_of_worship",
                                                             "name":  "Jesus the Way of Salvation",
                                                             "religion":  "christian"
                                                         },
                                            "cleaning_flag":  null,
                                            "ors_label":  null,
                                            "ors_confidence":  null,
                                            "ors_locality":  null,
                                            "ors_borough":  null,
                                            "ors_region":  null,
                                            "ors_county":  null,
                                            "ors_error":  null,
                                            "thesis_review_flag":  null
                                        },
                         "geometry":  {
                                          "type":  "Point",
                                          "coordinates":  [
                                                              121.4328386,
                                                              14.2459075
                                                          ]
                                      }
                     },
                     {
                         "type":  "Feature",
                         "properties":  {
                                            "osm_type":  "node",
                                            "osm_id":  8064257835,
                                            "name":  "Ebenezer Gospel Church",
                                            "category":  "worship",
                                            "amenity":  "place_of_worship",
                                            "healthcare":  null,
                                            "shop":  null,
                                            "office":  null,
                                            "operator":  null,
                                            "addr_full":  null,
                                            "addr_street":  null,
                                            "addr_barangay":  null,
                                            "phone":  null,
                                            "opening_hours":  null,
                                            "lat":  14.2430572,
                                            "lon":  121.4312537,
                                            "raw_tags":  {
                                                             "amenity":  "place_of_worship",
                                                             "name":  "Ebenezer Gospel Church",
                                                             "religion":  "christian"
                                                         },
                                            "cleaning_flag":  null,
                                            "ors_label":  null,
                                            "ors_confidence":  null,
                                            "ors_locality":  null,
                                            "ors_borough":  null,
                                            "ors_region":  null,
                                            "ors_county":  null,
                                            "ors_error":  null,
                                            "thesis_review_flag":  null
                                        },
                         "geometry":  {
                                          "type":  "Point",
                                          "coordinates":  [
                                                              121.4312537,
                                                              14.2430572
                                                          ]
                                      }
                     },
                     {
                         "type":  "Feature",
                         "properties":  {
                                            "osm_type":  "node",
                                            "osm_id":  8064349540,
                                            "name":  "Iglesia ni Cristo",
                                            "category":  "worship",
                                            "amenity":  "place_of_worship",
                                            "healthcare":  null,
                                            "shop":  null,
                                            "office":  null,
                                            "operator":  null,
                                            "addr_full":  null,
                                            "addr_street":  null,
                                            "addr_barangay":  null,
                                            "phone":  null,
                                            "opening_hours":  null,
                                            "lat":  14.2557626,
                                            "lon":  121.426733,
                                            "raw_tags":  {
                                                             "amenity":  "place_of_worship",
                                                             "denomination":  "iglesia_ni_cristo",
                                                             "name":  "Iglesia ni Cristo",
                                                             "name:es":  "Iglesia de Cristo",
                                                             "religion":  "christian"
                                                         },
                                            "cleaning_flag":  null,
                                            "ors_label":  null,
                                            "ors_confidence":  null,
                                            "ors_locality":  null,
                                            "ors_borough":  null,
                                            "ors_region":  null,
                                            "ors_county":  null,
                                            "ors_error":  null,
                                            "thesis_review_flag":  null
                                        },
                         "geometry":  {
                                          "type":  "Point",
                                          "coordinates":  [
                                                              121.426733,
                                                              14.2557626
                                                          ]
                                      }
                     },
                     {
                         "type":  "Feature",
                         "properties":  {
                                            "osm_type":  "node",
                                            "osm_id":  8064349541,
                                            "name":  "Spiritual Catholic Church",
                                            "category":  "worship",
                                            "amenity":  "place_of_worship",
                                            "healthcare":  null,
                                            "shop":  null,
                                            "office":  null,
                                            "operator":  null,
                                            "addr_full":  null,
                                            "addr_street":  null,
                                            "addr_barangay":  null,
                                            "phone":  null,
                                            "opening_hours":  null,
                                            "lat":  14.2576911,
                                            "lon":  121.4272401,
                                            "raw_tags":  {
                                                             "amenity":  "place_of_worship",
                                                             "name":  "Spiritual Catholic Church",
                                                             "religion":  "christian"
                                                         },
                                            "cleaning_flag":  null,
                                            "ors_label":  null,
                                            "ors_confidence":  null,
                                            "ors_locality":  null,
                                            "ors_borough":  null,
                                            "ors_region":  null,
                                            "ors_county":  null,
                                            "ors_error":  null,
                                            "thesis_review_flag":  null
                                        },
                         "geometry":  {
                                          "type":  "Point",
                                          "coordinates":  [
                                                              121.4272401,
                                                              14.2576911
                                                          ]
                                      }
                     },
                     {
                         "type":  "Feature",
                         "properties":  {
                                            "osm_type":  "node",
                                            "osm_id":  8064363244,
                                            "name":  "JJ Bilao and Food Tray Package",
                                            "category":  "food",
                                            "amenity":  "restaurant",
                                            "healthcare":  null,
                                            "shop":  null,
                                            "office":  null,
                                            "operator":  null,
                                            "addr_full":  null,
                                            "addr_street":  null,
                                            "addr_barangay":  null,
                                            "phone":  null,
                                            "opening_hours":  null,
                                            "lat":  14.2372243,
                                            "lon":  121.4286544,
                                            "raw_tags":  {
                                                             "amenity":  "restaurant",
                                                             "name":  "JJ Bilao and Food Tray Package"
                                                         },
                                            "cleaning_flag":  null,
                                            "ors_label":  null,
                                            "ors_confidence":  null,
                                            "ors_locality":  null,
                                            "ors_borough":  null,
                                            "ors_region":  null,
                                            "ors_county":  null,
                                            "ors_error":  null,
                                            "thesis_review_flag":  null
                                        },
                         "geometry":  {
                                          "type":  "Point",
                                          "coordinates":  [
                                                              121.4286544,
                                                              14.2372243
                                                          ]
                                      }
                     },
                     {
                         "type":  "Feature",
                         "properties":  {
                                            "osm_type":  "node",
                                            "osm_id":  8064363245,
                                            "name":  "Holy Family Chapel",
                                            "category":  "worship",
                                            "amenity":  "place_of_worship",
                                            "healthcare":  null,
                                            "shop":  null,
                                            "office":  null,
                                            "operator":  null,
                                            "addr_full":  null,
                                            "addr_street":  null,
                                            "addr_barangay":  null,
                                            "phone":  null,
                                            "opening_hours":  null,
                                            "lat":  14.2415021,
                                            "lon":  121.4285081,
                                            "raw_tags":  {
                                                             "amenity":  "place_of_worship",
                                                             "name":  "Holy Family Chapel",
                                                             "religion":  "christian"
                                                         },
                                            "cleaning_flag":  null,
                                            "ors_label":  null,
                                            "ors_confidence":  null,
                                            "ors_locality":  null,
                                            "ors_borough":  null,
                                            "ors_region":  null,
                                            "ors_county":  null,
                                            "ors_error":  null,
                                            "thesis_review_flag":  null
                                        },
                         "geometry":  {
                                          "type":  "Point",
                                          "coordinates":  [
                                                              121.4285081,
                                                              14.2415021
                                                          ]
                                      }
                     },
                     {
                         "type":  "Feature",
                         "properties":  {
                                            "osm_type":  "node",
                                            "osm_id":  8064363246,
                                            "name":  "Jesus the Great I am Full Gospel",
                                            "category":  "worship",
                                            "amenity":  "place_of_worship",
                                            "healthcare":  null,
                                            "shop":  null,
                                            "office":  null,
                                            "operator":  null,
                                            "addr_full":  null,
                                            "addr_street":  null,
                                            "addr_barangay":  null,
                                            "phone":  null,
                                            "opening_hours":  null,
                                            "lat":  14.2484741,
                                            "lon":  121.4285374,
                                            "raw_tags":  {
                                                             "amenity":  "place_of_worship",
                                                             "name":  "Jesus the Great I am Full Gospel",
                                                             "religion":  "christian"
                                                         },
                                            "cleaning_flag":  null,
                                            "ors_label":  null,
                                            "ors_confidence":  null,
                                            "ors_locality":  null,
                                            "ors_borough":  null,
                                            "ors_region":  null,
                                            "ors_county":  null,
                                            "ors_error":  null,
                                            "thesis_review_flag":  null
                                        },
                         "geometry":  {
                                          "type":  "Point",
                                          "coordinates":  [
                                                              121.4285374,
                                                              14.2484741
                                                          ]
                                      }
                     },
                     {
                         "type":  "Feature",
                         "properties":  {
                                            "osm_type":  "node",
                                            "osm_id":  8074791449,
                                            "name":  "Layugan Chapel",
                                            "category":  "worship",
                                            "amenity":  "place_of_worship",
                                            "healthcare":  null,
                                            "shop":  null,
                                            "office":  null,
                                            "operator":  null,
                                            "addr_full":  null,
                                            "addr_street":  null,
                                            "addr_barangay":  null,
                                            "phone":  null,
                                            "opening_hours":  null,
                                            "lat":  14.2390706,
                                            "lon":  121.4373731,
                                            "raw_tags":  {
                                                             "amenity":  "place_of_worship",
                                                             "building":  "chapel",
                                                             "fixme":  "denomination",
                                                             "name":  "Layugan Chapel",
                                                             "religion":  "christian"
                                                         },
                                            "cleaning_flag":  null,
                                            "ors_label":  null,
                                            "ors_confidence":  null,
                                            "ors_locality":  null,
                                            "ors_borough":  null,
                                            "ors_region":  null,
                                            "ors_county":  null,
                                            "ors_error":  null,
                                            "thesis_review_flag":  null
                                        },
                         "geometry":  {
                                          "type":  "Point",
                                          "coordinates":  [
                                                              121.4373731,
                                                              14.2390706
                                                          ]
                                      }
                     },
                     {
                         "type":  "Feature",
                         "properties":  {
                                            "osm_type":  "node",
                                            "osm_id":  8353537968,
                                            "name":  "Balai ilocos",
                                            "category":  "food",
                                            "amenity":  "restaurant",
                                            "healthcare":  null,
                                            "shop":  null,
                                            "office":  null,
                                            "operator":  null,
                                            "addr_full":  null,
                                            "addr_street":  null,
                                            "addr_barangay":  null,
                                            "phone":  null,
                                            "opening_hours":  null,
                                            "lat":  14.273061,
                                            "lon":  121.4534095,
                                            "raw_tags":  {
                                                             "amenity":  "restaurant",
                                                             "name":  "Balai ilocos"
                                                         },
                                            "cleaning_flag":  null,
                                            "ors_label":  null,
                                            "ors_confidence":  null,
                                            "ors_locality":  null,
                                            "ors_borough":  null,
                                            "ors_region":  null,
                                            "ors_county":  null,
                                            "ors_error":  null,
                                            "thesis_review_flag":  null
                                        },
                         "geometry":  {
                                          "type":  "Point",
                                          "coordinates":  [
                                                              121.4534095,
                                                              14.273061
                                                          ]
                                      }
                     },
                     {
                         "type":  "Feature",
                         "properties":  {
                                            "osm_type":  "node",
                                            "osm_id":  8728626451,
                                            "name":  "Kalye Onse",
                                            "category":  "food",
                                            "amenity":  "fast_food",
                                            "healthcare":  null,
                                            "shop":  null,
                                            "office":  null,
                                            "operator":  null,
                                            "addr_full":  null,
                                            "addr_street":  "General Luna Street",
                                            "addr_barangay":  null,
                                            "phone":  null,
                                            "opening_hours":  null,
                                            "lat":  14.2711364,
                                            "lon":  121.4558375,
                                            "raw_tags":  {
                                                             "addr:street":  "General Luna Street",
                                                             "addr:village":  "Maulawin",
                                                             "amenity":  "fast_food",
                                                             "cuisine":  "regional",
                                                             "name":  "Kalye Onse"
                                                         },
                                            "cleaning_flag":  null,
                                            "ors_label":  null,
                                            "ors_confidence":  null,
                                            "ors_locality":  null,
                                            "ors_borough":  null,
                                            "ors_region":  null,
                                            "ors_county":  null,
                                            "ors_error":  null,
                                            "thesis_review_flag":  null
                                        },
                         "geometry":  {
                                          "type":  "Point",
                                          "coordinates":  [
                                                              121.4558375,
                                                              14.2711364
                                                          ]
                                      }
                     },
                     {
                         "type":  "Feature",
                         "properties":  {
                                            "osm_type":  "node",
                                            "osm_id":  12702184505,
                                            "name":  "McDonald\u0027s",
                                            "category":  "food",
                                            "amenity":  "fast_food",
                                            "healthcare":  null,
                                            "shop":  null,
                                            "office":  null,
                                            "operator":  null,
                                            "addr_full":  null,
                                            "addr_street":  "J. P. Rizal Street",
                                            "addr_barangay":  null,
                                            "phone":  null,
                                            "opening_hours":  "24/7",
                                            "lat":  14.2738656,
                                            "lon":  121.4505321,
                                            "raw_tags":  {
                                                             "addr:street":  "J. P. Rizal Street",
                                                             "addr:town":  "Pagsanjan",
                                                             "amenity":  "fast_food",
                                                             "brand":  "McDonald\u0027s",
                                                             "brand:wikidata":  "Q38076",
                                                             "cuisine":  "burger",
                                                             "drinking_straw":  "paper",
                                                             "drinking_straw:colour":  "white",
                                                             "name":  "McDonald\u0027s",
                                                             "opening_hours":  "24/7",
                                                             "takeaway":  "yes"
                                                         },
                                            "cleaning_flag":  null,
                                            "ors_label":  null,
                                            "ors_confidence":  null,
                                            "ors_locality":  null,
                                            "ors_borough":  null,
                                            "ors_region":  null,
                                            "ors_county":  null,
                                            "ors_error":  null,
                                            "thesis_review_flag":  null
                                        },
                         "geometry":  {
                                          "type":  "Point",
                                          "coordinates":  [
                                                              121.4505321,
                                                              14.2738656
                                                          ]
                                      }
                     },
                     {
                         "type":  "Feature",
                         "properties":  {
                                            "osm_type":  "way",
                                            "osm_id":  98837148,
                                            "name":  "Our Lady of Guadalupe Parish Church",
                                            "category":  "worship",
                                            "amenity":  "place_of_worship",
                                            "healthcare":  null,
                                            "shop":  null,
                                            "office":  null,
                                            "operator":  null,
                                            "addr_full":  null,
                                            "addr_street":  "General Taiño Street",
                                            "addr_barangay":  null,
                                            "phone":  null,
                                            "opening_hours":  null,
                                            "lat":  14.2729931,
                                            "lon":  121.4563937,
                                            "raw_tags":  {
                                                             "addr:city":  "Pagsanjan",
                                                             "addr:postcode":  "4008",
                                                             "addr:street":  "General Taiño Street",
                                                             "amenity":  "place_of_worship",
                                                             "building":  "church",
                                                             "denomination":  "roman_catholic",
                                                             "name":  "Our Lady of Guadalupe Parish Church",
                                                             "religion":  "christian",
                                                             "wikidata":  "Q18145064",
                                                             "wikimedia_commons":  "Category:Our Lady of Guadalupe Parish Church (Pagsanjan)",
                                                             "wikipedia":  "en:Our Lady of Guadalupe Parish Church (Pagsanjan)"
                                                         },
                                            "cleaning_flag":  null,
                                            "ors_label":  null,
                                            "ors_confidence":  null,
                                            "ors_locality":  null,
                                            "ors_borough":  null,
                                            "ors_region":  null,
                                            "ors_county":  null,
                                            "ors_error":  null,
                                            "thesis_review_flag":  null
                                        },
                         "geometry":  {
                                          "type":  "Point",
                                          "coordinates":  [
                                                              121.4563937,
                                                              14.2729931
                                                          ]
                                      }
                     },
                     {
                         "type":  "Feature",
                         "properties":  {
                                            "osm_type":  "way",
                                            "osm_id":  98837153,
                                            "name":  "Lokal ng Pagsanjan",
                                            "category":  "worship",
                                            "amenity":  "place_of_worship",
                                            "healthcare":  null,
                                            "shop":  null,
                                            "office":  null,
                                            "operator":  "Iglesia ni Cristo",
                                            "addr_full":  null,
                                            "addr_street":  "J. P. Rizal Street",
                                            "addr_barangay":  null,
                                            "phone":  null,
                                            "opening_hours":  null,
                                            "lat":  14.2707136,
                                            "lon":  121.4445193,
                                            "raw_tags":  {
                                                             "addr:city":  "Pagsanjan",
                                                             "addr:postcode":  "4008",
                                                             "addr:street":  "J. P. Rizal Street",
                                                             "amenity":  "place_of_worship",
                                                             "building":  "church",
                                                             "denomination":  "iglesia_ni_cristo",
                                                             "name":  "Lokal ng Pagsanjan",
                                                             "name:en":  "Locale of Pagsanjan",
                                                             "operator":  "Iglesia ni Cristo",
                                                             "religion":  "christian"
                                                         },
                                            "cleaning_flag":  null,
                                            "ors_label":  null,
                                            "ors_confidence":  null,
                                            "ors_locality":  null,
                                            "ors_borough":  null,
                                            "ors_region":  null,
                                            "ors_county":  null,
                                            "ors_error":  null,
                                            "thesis_review_flag":  null
                                        },
                         "geometry":  {
                                          "type":  "Point",
                                          "coordinates":  [
                                                              121.4445193,
                                                              14.2707136
                                                          ]
                                      }
                     },
                     {
                         "type":  "Feature",
                         "properties":  {
                                            "osm_type":  "way",
                                            "osm_id":  112647937,
                                            "name":  null,
                                            "category":  "worship",
                                            "amenity":  "place_of_worship",
                                            "healthcare":  null,
                                            "shop":  null,
                                            "office":  null,
                                            "operator":  null,
                                            "addr_full":  null,
                                            "addr_street":  "J. P. Rizal Street",
                                            "addr_barangay":  null,
                                            "phone":  null,
                                            "opening_hours":  null,
                                            "lat":  14.2725988,
                                            "lon":  121.4472445,
                                            "raw_tags":  {
                                                             "addr2:street":  "R. Caballes",
                                                             "addr:city":  "Pagsanjan",
                                                             "addr:postcode":  "4008",
                                                             "addr:street":  "J. P. Rizal Street",
                                                             "amenity":  "place_of_worship",
                                                             "building":  "chapel",
                                                             "fixme":  "name",
                                                             "religion":  "christian"
                                                         },
                                            "cleaning_flag":  null,
                                            "ors_label":  null,
                                            "ors_confidence":  null,
                                            "ors_locality":  null,
                                            "ors_borough":  null,
                                            "ors_region":  null,
                                            "ors_county":  null,
                                            "ors_error":  null,
                                            "thesis_review_flag":  "NAME_MISSING"
                                        },
                         "geometry":  {
                                          "type":  "Point",
                                          "coordinates":  [
                                                              121.4472445,
                                                              14.2725988
                                                          ]
                                      }
                     },
                     {
                         "type":  "Feature",
                         "properties":  {
                                            "osm_type":  "way",
                                            "osm_id":  130732054,
                                            "name":  "Kingdom Hall of Jehovah\u0027s Witnesses",
                                            "category":  "worship",
                                            "amenity":  "place_of_worship",
                                            "healthcare":  null,
                                            "shop":  null,
                                            "office":  null,
                                            "operator":  null,
                                            "addr_full":  null,
                                            "addr_street":  "National Highway",
                                            "addr_barangay":  null,
                                            "phone":  null,
                                            "opening_hours":  null,
                                            "lat":  14.2810178,
                                            "lon":  121.4572382,
                                            "raw_tags":  {
                                                             "addr:city":  "Pagsanjan",
                                                             "addr:postcode":  "4008",
                                                             "addr:street":  "National Highway",
                                                             "amenity":  "place_of_worship",
                                                             "denomination":  "jehovahs_witness",
                                                             "name":  "Kingdom Hall of Jehovah\u0027s Witnesses",
                                                             "religion":  "christian"
                                                         },
                                            "cleaning_flag":  null,
                                            "ors_label":  null,
                                            "ors_confidence":  null,
                                            "ors_locality":  null,
                                            "ors_borough":  null,
                                            "ors_region":  null,
                                            "ors_county":  null,
                                            "ors_error":  null,
                                            "thesis_review_flag":  null
                                        },
                         "geometry":  {
                                          "type":  "Point",
                                          "coordinates":  [
                                                              121.4572382,
                                                              14.2810178
                                                          ]
                                      }
                     },
                     {
                         "type":  "Feature",
                         "properties":  {
                                            "osm_type":  "way",
                                            "osm_id":  254329014,
                                            "name":  null,
                                            "category":  "worship",
                                            "amenity":  "place_of_worship",
                                            "healthcare":  null,
                                            "shop":  null,
                                            "office":  null,
                                            "operator":  null,
                                            "addr_full":  null,
                                            "addr_street":  "Mabini Street",
                                            "addr_barangay":  null,
                                            "phone":  null,
                                            "opening_hours":  null,
                                            "lat":  14.2733683,
                                            "lon":  121.4545361,
                                            "raw_tags":  {
                                                             "addr:city":  "Pagsanjan",
                                                             "addr:postcode":  "4008",
                                                             "addr:street":  "Mabini Street",
                                                             "amenity":  "place_of_worship",
                                                             "building":  "church",
                                                             "denomination":  "philippine_independent",
                                                             "religion":  "christian"
                                                         },
                                            "cleaning_flag":  null,
                                            "ors_label":  null,
                                            "ors_confidence":  null,
                                            "ors_locality":  null,
                                            "ors_borough":  null,
                                            "ors_region":  null,
                                            "ors_county":  null,
                                            "ors_error":  null,
                                            "thesis_review_flag":  "NAME_MISSING"
                                        },
                         "geometry":  {
                                          "type":  "Point",
                                          "coordinates":  [
                                                              121.4545361,
                                                              14.2733683
                                                          ]
                                      }
                     },
                     {
                         "type":  "Feature",
                         "properties":  {
                                            "osm_type":  "way",
                                            "osm_id":  1058260441,
                                            "name":  "Lokal ng Cabanban",
                                            "category":  "worship",
                                            "amenity":  "place_of_worship",
                                            "healthcare":  null,
                                            "shop":  null,
                                            "office":  null,
                                            "operator":  "Iglesia ni Cristo",
                                            "addr_full":  null,
                                            "addr_street":  "Narra Street",
                                            "addr_barangay":  null,
                                            "phone":  null,
                                            "opening_hours":  null,
                                            "lat":  14.239044,
                                            "lon":  121.4310128,
                                            "raw_tags":  {
                                                             "addr:street":  "Narra Street",
                                                             "addr:village":  "Cabanban",
                                                             "amenity":  "place_of_worship",
                                                             "denomination":  "iglesia_ni_cristo",
                                                             "name":  "Lokal ng Cabanban",
                                                             "name:en":  "Locale of Cabanban",
                                                             "operator":  "Iglesia ni Cristo",
                                                             "previously":  "node:8064257837",
                                                             "religion":  "christian"
                                                         },
                                            "cleaning_flag":  null,
                                            "ors_label":  null,
                                            "ors_confidence":  null,
                                            "ors_locality":  null,
                                            "ors_borough":  null,
                                            "ors_region":  null,
                                            "ors_county":  null,
                                            "ors_error":  null,
                                            "thesis_review_flag":  null
                                        },
                         "geometry":  {
                                          "type":  "Point",
                                          "coordinates":  [
                                                              121.4310128,
                                                              14.239044
                                                          ]
                                      }
                     },
                     {
                         "type":  "Feature",
                         "properties":  {
                                            "osm_type":  "way",
                                            "osm_id":  1270307950,
                                            "name":  "Abraham\u0027s Cuisine",
                                            "category":  "food",
                                            "amenity":  "restaurant",
                                            "healthcare":  null,
                                            "shop":  null,
                                            "office":  null,
                                            "operator":  null,
                                            "addr_full":  null,
                                            "addr_street":  "National Highway",
                                            "addr_barangay":  "Sampaloc",
                                            "phone":  null,
                                            "opening_hours":  "Mo-Th 10:00-20:00; Fr-Su 10:00-21:00",
                                            "lat":  14.2674395,
                                            "lon":  121.4420975,
                                            "raw_tags":  {
                                                             "addr:barangay":  "Sampaloc",
                                                             "addr:city":  "Pagsanjan",
                                                             "addr:province":  "Laguna",
                                                             "addr:street":  "National Highway",
                                                             "amenity":  "restaurant",
                                                             "contact:email":  "abramscuisine01@gmail.com",
                                                             "contact:facebook":  "AbramsCuisine",
                                                             "contact:mobile":  "+63 922 403 8919;+63 923 513 8732",
                                                             "contact:website":  "https://abrahamscuisine.mystrikingly.com",
                                                             "cuisine":  "filipino",
                                                             "delivery":  "yes",
                                                             "highchair":  "yes",
                                                             "level":  "0;1",
                                                             "name":  "Abraham\u0027s Cuisine",
                                                             "old_name":  "Abram\u0027s Cuisine",
                                                             "opening_hours":  "Mo-Th 10:00-20:00; Fr-Su 10:00-21:00",
                                                             "reservation":  "no",
                                                             "self_service":  "no",
                                                             "strapline":  "The Best Pinoy Food",
                                                             "toilets":  "yes",
                                                             "toilets:access":  "yes",
                                                             "toilets:wheelchair":  "no",
                                                             "wheelchair":  "limited"
                                                         },
                                            "cleaning_flag":  null,
                                            "ors_label":  null,
                                            "ors_confidence":  null,
                                            "ors_locality":  null,
                                            "ors_borough":  null,
                                            "ors_region":  null,
                                            "ors_county":  null,
                                            "ors_error":  null,
                                            "thesis_review_flag":  null
                                        },
                         "geometry":  {
                                          "type":  "Point",
                                          "coordinates":  [
                                                              121.4420975,
                                                              14.2674395
                                                          ]
                                      }
                     },
                     {
                         "type":  "Feature",
                         "properties":  {
                                            "osm_type":  "relation",
                                            "osm_id":  14119277,
                                            "name":  "Jollibee",
                                            "category":  "food",
                                            "amenity":  "fast_food",
                                            "healthcare":  null,
                                            "shop":  null,
                                            "office":  null,
                                            "operator":  null,
                                            "addr_full":  null,
                                            "addr_street":  null,
                                            "addr_barangay":  null,
                                            "phone":  null,
                                            "opening_hours":  null,
                                            "lat":  14.2648237,
                                            "lon":  121.4374794,
                                            "raw_tags":  {
                                                             "amenity":  "fast_food",
                                                             "brand":  "Jollibee",
                                                             "brand:wikidata":  "Q37614",
                                                             "cuisine":  "burger",
                                                             "name":  "Jollibee",
                                                             "previously":  "node:8064001118",
                                                             "takeaway":  "yes",
                                                             "type":  "multipolygon"
                                                         },
                                            "cleaning_flag":  null,
                                            "ors_label":  null,
                                            "ors_confidence":  null,
                                            "ors_locality":  null,
                                            "ors_borough":  null,
                                            "ors_region":  null,
                                            "ors_county":  null,
                                            "ors_error":  null,
                                            "thesis_review_flag":  null
                                        },
                         "geometry":  {
                                          "type":  "Point",
                                          "coordinates":  [
                                                              121.4374794,
                                                              14.2648237
                                                          ]
                                      }
                     },
                     {
                         "type":  "Feature",
                         "properties":  {
                                            "osm_type":  "relation",
                                            "osm_id":  "17318133",
                                            "name":  "Barangay Hall - Anibong",
                                            "category":  "barangay_hall",
                                            "amenity":  "townhall",
                                            "healthcare":  null,
                                            "shop":  null,
                                            "office":  "government",
                                            "operator":  null,
                                            "addr_full":  "User-provided general vicinity coordinate inside Barangay Anibong; exact barangay hall listing not found in public Google Maps or OSM results",
                                            "addr_street":  null,
                                            "addr_barangay":  "Anibong",
                                            "phone":  null,
                                            "opening_hours":  null,
                                            "lat":  14.2279,
                                            "lon":  121.4632,
                                            "raw_tags":  {
                                                             "source":  "user_provided_barangay_vicinity_coordinate",
                                                             "verification_date":  "2026-06-14",
                                                             "osm_relation":  "17318133"
                                                         },
                                            "cleaning_flag":  null,
                                            "ors_label":  null,
                                            "ors_confidence":  null,
                                            "ors_locality":  null,
                                            "ors_borough":  null,
                                            "ors_region":  null,
                                            "ors_county":  null,
                                            "ors_error":  null,
                                            "thesis_review_flag":  "manual_supplement"
                                        },
                         "geometry":  {
                                          "type":  "Point",
                                          "coordinates":  [
                                                              121.4632,
                                                              14.2279
                                                          ]
                                      }
                     },
                     {
                         "type":  "Feature",
                         "properties":  {
                                            "osm_type":  "relation",
                                            "osm_id":  "17318175",
                                            "name":  "Barangay Hall - Calusiche",
                                            "category":  "barangay_hall",
                                            "amenity":  "townhall",
                                            "healthcare":  null,
                                            "shop":  null,
                                            "office":  "government",
                                            "operator":  null,
                                            "addr_full":  "7C5X+G2M Barangay Hall of Calusiche, Agawin Rd, Pagsanjan, Laguna",
                                            "addr_street":  "Agawin Rd",
                                            "addr_barangay":  "Calusiche",
                                            "phone":  null,
                                            "opening_hours":  null,
                                            "lat":  14.258398,
                                            "lon":  121.4476226,
                                            "raw_tags":  {
                                                             "source":  "google_maps_public_listing",
                                                             "google_maps_name":  "Barangay Hall of Calusiche",
                                                             "google_maps_place_hex":  "0x3397fd002f12285d:0xc81795201c2c4950",
                                                             "verification_date":  "2026-06-14",
                                                             "osm_relation":  "17318175"
                                                         },
                                            "cleaning_flag":  null,
                                            "ors_label":  null,
                                            "ors_confidence":  null,
                                            "ors_locality":  null,
                                            "ors_borough":  null,
                                            "ors_region":  null,
                                            "ors_county":  null,
                                            "ors_error":  null,
                                            "thesis_review_flag":  "manual_supplement"
                                        },
                         "geometry":  {
                                          "type":  "Point",
                                          "coordinates":  [
                                                              121.4476226,
                                                              14.258398
                                                          ]
                                      }
                     },
                     {
                         "type":  "Feature",
                         "properties":  {
                                            "osm_type":  "relation",
                                            "osm_id":  "17318176",
                                            "name":  "Barangay Hall - Dingin",
                                            "category":  "barangay_hall",
                                            "amenity":  "townhall",
                                            "healthcare":  null,
                                            "shop":  null,
                                            "office":  "government",
                                            "operator":  null,
                                            "addr_full":  "OSM Dingin administrative relation center; exact barangay hall POI not mapped in OSM",
                                            "addr_street":  null,
                                            "addr_barangay":  "Dingin",
                                            "phone":  null,
                                            "opening_hours":  null,
                                            "lat":  14.243762,
                                            "lon":  121.450867,
                                            "raw_tags":  {
                                                             "source":  "osm_admin_relation_center_supplement",
                                                             "osm_relation":  "17318176"
                                                         },
                                            "cleaning_flag":  null,
                                            "ors_label":  null,
                                            "ors_confidence":  null,
                                            "ors_locality":  null,
                                            "ors_borough":  null,
                                            "ors_region":  null,
                                            "ors_county":  null,
                                            "ors_error":  null,
                                            "thesis_review_flag":  "manual_supplement"
                                        },
                         "geometry":  {
                                          "type":  "Point",
                                          "coordinates":  [
                                                              121.450867,
                                                              14.243762
                                                          ]
                                      }
                     },
                     {
                         "type":  "Feature",
                         "properties":  {
                                            "osm_type":  "relation",
                                            "osm_id":  "17318132",
                                            "name":  "Barangay Hall - Lambac",
                                            "category":  "barangay_hall",
                                            "amenity":  "townhall",
                                            "healthcare":  null,
                                            "shop":  null,
                                            "office":  "government",
                                            "operator":  null,
                                            "addr_full":  "7F33+PG7 Lambac Barangay Hall, Pagsanjan, Laguna",
                                            "addr_street":  null,
                                            "addr_barangay":  "Lambac",
                                            "phone":  null,
                                            "opening_hours":  null,
                                            "lat":  14.2542908,
                                            "lon":  121.4537821,
                                            "raw_tags":  {
                                                             "source":  "google_maps_public_listing",
                                                             "google_maps_name":  "Lambac Barangay Hall",
                                                             "google_maps_place_hex":  "0x3397fd26de5eaed9:0xb0173e303c27d92f",
                                                             "verification_date":  "2026-06-14",
                                                             "osm_relation":  "17318132"
                                                         },
                                            "cleaning_flag":  null,
                                            "ors_label":  null,
                                            "ors_confidence":  null,
                                            "ors_locality":  null,
                                            "ors_borough":  null,
                                            "ors_region":  null,
                                            "ors_county":  null,
                                            "ors_error":  null,
                                            "thesis_review_flag":  "manual_supplement"
                                        },
                         "geometry":  {
                                          "type":  "Point",
                                          "coordinates":  [
                                                              121.4537821,
                                                              14.2542908
                                                          ]
                                      }
                     },
                     {
                         "type":  "Feature",
                         "properties":  {
                                            "osm_type":  "relation",
                                            "osm_id":  "17318102",
                                            "name":  "Barangay Hall - Magdapio",
                                            "category":  "barangay_hall",
                                            "amenity":  "townhall",
                                            "healthcare":  null,
                                            "shop":  null,
                                            "office":  "government",
                                            "operator":  null,
                                            "addr_full":  "7FC5+RXP Magdapio Barangay Hall, Pagsanjan, Laguna",
                                            "addr_street":  null,
                                            "addr_barangay":  "Magdapio",
                                            "phone":  null,
                                            "opening_hours":  null,
                                            "lat":  14.2721328,
                                            "lon":  121.4599537,
                                            "raw_tags":  {
                                                             "source":  "google_maps_public_listing",
                                                             "google_maps_name":  "Magdapio Barangay Hall",
                                                             "google_maps_place_hex":  "0x3397fd0068cc14c3:0xa06deec02dbb322b",
                                                             "verification_date":  "2026-06-14",
                                                             "osm_relation":  "17318102"
                                                         },
                                            "cleaning_flag":  null,
                                            "ors_label":  null,
                                            "ors_confidence":  null,
                                            "ors_locality":  null,
                                            "ors_borough":  null,
                                            "ors_region":  null,
                                            "ors_county":  null,
                                            "ors_error":  null,
                                            "thesis_review_flag":  "manual_supplement"
                                        },
                         "geometry":  {
                                          "type":  "Point",
                                          "coordinates":  [
                                                              121.4599537,
                                                              14.2721328
                                                          ]
                                      }
                     },
                     {
                         "type":  "Feature",
                         "properties":  {
                                            "osm_type":  "relation",
                                            "osm_id":  "17317779",
                                            "name":  "Barangay Hall - Barangay I (Poblacion)",
                                            "category":  "barangay_hall",
                                            "amenity":  "townhall",
                                            "healthcare":  null,
                                            "shop":  null,
                                            "office":  "government",
                                            "operator":  null,
                                            "addr_full":  "Poblacion I Barangay Hall, 7 Crisostomo, Pagsanjan, Laguna",
                                            "addr_street":  "7 Crisostomo",
                                            "addr_barangay":  "Barangay I (Poblacion)",
                                            "phone":  null,
                                            "opening_hours":  null,
                                            "lat":  14.27502,
                                            "lon":  121.4556649,
                                            "raw_tags":  {
                                                             "source":  "google_maps_public_listing",
                                                             "google_maps_name":  "Poblacion I Barangay Hall",
                                                             "google_maps_place_hex":  "0x3397fd000e557c37:0xbb98810972ffd3c3",
                                                             "verification_date":  "2026-06-14",
                                                             "osm_relation":  "17317779"
                                                         },
                                            "cleaning_flag":  null,
                                            "ors_label":  null,
                                            "ors_confidence":  null,
                                            "ors_locality":  null,
                                            "ors_borough":  null,
                                            "ors_region":  null,
                                            "ors_county":  null,
                                            "ors_error":  null,
                                            "thesis_review_flag":  "manual_supplement"
                                        },
                         "geometry":  {
                                          "type":  "Point",
                                          "coordinates":  [
                                                              121.4556649,
                                                              14.27502
                                                          ]
                                      }
                     },
                     {
                         "type":  "Feature",
                         "properties":  {
                                            "osm_type":  "relation",
                                            "osm_id":  "17317778",
                                            "name":  "Barangay Hall - Barangay II (Poblacion)",
                                            "category":  "barangay_hall",
                                            "amenity":  "townhall",
                                            "healthcare":  null,
                                            "shop":  null,
                                            "office":  "government",
                                            "operator":  null,
                                            "addr_full":  "Barangay Hall of Poblacion II, 1937 Cosme, Pagsanjan, Laguna",
                                            "addr_street":  "1937 Cosme",
                                            "addr_barangay":  "Barangay II (Poblacion)",
                                            "phone":  null,
                                            "opening_hours":  null,
                                            "lat":  14.2757099,
                                            "lon":  121.4529784,
                                            "raw_tags":  {
                                                             "source":  "google_maps_public_listing",
                                                             "google_maps_name":  "Barangay Hall of Poblacion II",
                                                             "google_maps_place_hex":  "0x3397fd00095ffbc7:0xff8cefd1370c619e",
                                                             "verification_date":  "2026-06-14",
                                                             "osm_relation":  "17317778"
                                                         },
                                            "cleaning_flag":  null,
                                            "ors_label":  null,
                                            "ors_confidence":  null,
                                            "ors_locality":  null,
                                            "ors_borough":  null,
                                            "ors_region":  null,
                                            "ors_county":  null,
                                            "ors_error":  null,
                                            "thesis_review_flag":  "manual_supplement"
                                        },
                         "geometry":  {
                                          "type":  "Point",
                                          "coordinates":  [
                                                              121.4529784,
                                                              14.2757099
                                                          ]
                                      }
                     }
                 ]
}
